post_id,date_time,subject,comment/reply,name,is_op?,url
2639739,"Jun-28-2023, 10:15:57",No Subject,Here's my idea for an experimental bicycle design. Basically I take the front fork and position it horizontally. I want to know what kind of mechanical stress the frame might experience and how to overcome those difficulties.,Anonymous,True,http://boards.4chan.org/diy/thread/2639739/heres-my-idea-for-an-experimental-bicycle-design#p2639739
2639750,"Jun-28-2023, 10:54:23",No Subject,"How is that different from pic related except for your design being about as awful as it can be. I don't think mechanical design is in your future.

And if my pic has a huge stupid transparency across it, it's because I didn't waste time fixing OP's crap. Graphic design is not in his future either.",Anonymous,False,http://boards.4chan.org/diy/thread/2639739/heres-my-idea-for-an-experimental-bicycle-design#p2639750
2639780,"Jun-28-2023, 11:54:36",No Subject,"(REPLY) >>2639739
What problem are you trying to solve?",Anonymous,False,http://boards.4chan.org/diy/thread/2639739/heres-my-idea-for-an-experimental-bicycle-design#p2639780
2639782,"Jun-28-2023, 11:56:10",No Subject,"(REPLY) >>2639739
OP your ""experimental bicycle design"" is just a lowrider bicycle.
People have been making them for years.

To answer your question, if you look at photos of lowriders, you'll notice they all have the diagonal support shown in >>2639750",Anonymous,False,http://boards.4chan.org/diy/thread/2639739/heres-my-idea-for-an-experimental-bicycle-design#p2639782
2639821,"Jun-28-2023, 12:56:33",No Subject,"(REPLY) >>2639780
normal bikes aren't retarded enough",Anonymous,False,http://boards.4chan.org/diy/thread/2639739/heres-my-idea-for-an-experimental-bicycle-design#p2639821
2639832,"Jun-28-2023, 13:12:30",No Subject,"(REPLY) >>2639782
That's a springer front end with articulated linkages, not a fixed support.",Anonymous,False,http://boards.4chan.org/diy/thread/2639739/heres-my-idea-for-an-experimental-bicycle-design#p2639832
2639835,"Jun-28-2023, 13:18:06",No Subject,"(REPLY) >>2639739
Looks like it would be very painful",Anonymous,False,http://boards.4chan.org/diy/thread/2639739/heres-my-idea-for-an-experimental-bicycle-design#p2639835
2639843,"Jun-28-2023, 13:29:08",No Subject,"(REPLY) >>2639739
> kind of mechanical stress the frame might experience
You’re putting 100% of the stress in the right angle joint (weld), and the suspension does fuck all unless you ride it straighy into a wall which you probably will because steering will be highly unstable if it works at all",Anonymous,False,http://boards.4chan.org/diy/thread/2639739/heres-my-idea-for-an-experimental-bicycle-design#p2639843
2639849,"Jun-28-2023, 13:37:52",No Subject,"(REPLY) >>2639835
He's a big guy",Anonymous,False,http://boards.4chan.org/diy/thread/2639739/heres-my-idea-for-an-experimental-bicycle-design#p2639849
2639855,"Jun-28-2023, 13:52:31",No Subject,"(REPLY) >>2639843
Seems to work for professional cargo bikes",Anonymous,False,http://boards.4chan.org/diy/thread/2639739/heres-my-idea-for-an-experimental-bicycle-design#p2639855
2639860,"Jun-28-2023, 14:03:36",No Subject,"(REPLY) >>2639855
Bicycle and tricycle steering geometry and wheel loading/unloading in turns and when braking (and howcthey all relate and interact) are very, very different.

Biggest difference is that bicycles lean in turns, nearly all tricycles including that cargo bike do not.",Anonymous,False,http://boards.4chan.org/diy/thread/2639739/heres-my-idea-for-an-experimental-bicycle-design#p2639860
2639870,"Jun-28-2023, 14:29:02",No Subject,"(REPLY) Besides the lunnecessary loads on the added fork joi t and suspension issues pointed out in >>2639860 , changing the fork angle relative to level the way this ""design"" does and moving the from axle forward will have the effect of increasing the turning radius and also makes the front wheel want to turn to lat flat to the road surface without starting input to hold it vertical and aimed forward. At best it makes a bike more work to keep upright, and at worst makes it prone to crashing from the tiniest moment of inattention or unanticipated steering input from road surface changes, ricks and debris, etc.

Some of that rake is intended to help it want to turn off a straight track with minimal effort and help it lean smoothly in turns but it's a fine balance. Note that in picrel the illustration has been shifted so both wheels as drawn touch the ground, thisxalone changes the rake angle by a couple of degrees in the direction of less control.",Anonymous,False,http://boards.4chan.org/diy/thread/2639739/heres-my-idea-for-an-experimental-bicycle-design#p2639870
2639871,"Jun-28-2023, 14:30:36",No Subject,"(REPLY) Sorry, meant the points made by >>2639843",Anonymous,False,http://boards.4chan.org/diy/thread/2639739/heres-my-idea-for-an-experimental-bicycle-design#p2639871
2639873,"Jun-28-2023, 14:35:01",No Subject,So nobody’s going to point out that the bike is impossible to steer?,Anonymous,False,http://boards.4chan.org/diy/thread/2639739/heres-my-idea-for-an-experimental-bicycle-design#p2639873
2639875,"Jun-28-2023, 14:43:31",No Subject,"(REPLY) >>2639873
No, because it isn't true. It will be more difficult than necessary both in raw effort required and in skill/ attention needed to maintain control, and that's been pointed out a number of times already, and it's nowhere near the kind of extremes people go to when raking front ends, that also aren't ""impossible"" to steer.

If the wheelbase and fork axis don't change, the path the forks in picrel might take don't really matter one way or another to how it will steer. But it will steer radically different than a stock bike without that extended wheelbase and extreme rake.",Anonymous,False,http://boards.4chan.org/diy/thread/2639739/heres-my-idea-for-an-experimental-bicycle-design#p2639875
2639879,"Jun-28-2023, 14:53:02",No Subject,try building this https://www.youtube.com/watch?v=PX3A7GLtFqM,Anonymous,False,http://boards.4chan.org/diy/thread/2639739/heres-my-idea-for-an-experimental-bicycle-design#p2639879
2639903,"Jun-28-2023, 15:32:06",No Subject,"(REPLY) >>2639879
while that's an impressive accomplishment, it's one of the stupidest most useless things ever.",Anonymous,False,http://boards.4chan.org/diy/thread/2639739/heres-my-idea-for-an-experimental-bicycle-design#p2639903
2639905,"Jun-28-2023, 15:33:32",No Subject,"(REPLY) >>2639903
>one of the stupidest most useless things ever
We're in a thread about bicycles.",Anonymous,False,http://boards.4chan.org/diy/thread/2639739/heres-my-idea-for-an-experimental-bicycle-design#p2639905
2639921,"Jun-28-2023, 15:58:26",No Subject,>demoralization thread,Anonymous,False,http://boards.4chan.org/diy/thread/2639739/heres-my-idea-for-an-experimental-bicycle-design#p2639921
2639933,"Jun-28-2023, 16:12:37",No Subject,"(REPLY) >>2639905
>We're in a thread about bicycles.

to be precise, we're in a thread about stupid useless bicycle mods, so yeah, that video fits perfectly here, and OP's magnificent design would be great with that retarded back wheel mod.",Anonymous,False,http://boards.4chan.org/diy/thread/2639739/heres-my-idea-for-an-experimental-bicycle-design#p2639933
2639934,"Jun-28-2023, 16:15:45",No Subject,"(REPLY) >>2639875
Where did this trend even come from, seems mega retarded and fugly.",Anonymous,False,http://boards.4chan.org/diy/thread/2639739/heres-my-idea-for-an-experimental-bicycle-design#p2639934
2639939,"Jun-28-2023, 16:20:12",No Subject,"(REPLY) >>2639875
>>2639934
Actually NVM, looking at older bikes, someone probably just extended one to get bit more rake angle and then kept going for the lulz.",Anonymous,False,http://boards.4chan.org/diy/thread/2639739/heres-my-idea-for-an-experimental-bicycle-design#p2639939
