{
    "posts": [
        {
            "no": 2639739,
            "now": "06/28/23(Wed)11:15:57",
            "name": "Anonymous",
            "com": "Here&#039;s my idea for an experimental bicycle design. Basically I take the front fork and position it horizontally. I want to know what kind of mechanical stress the frame might experience and how to overcome those difficulties.",
            "filename": "bike",
            "ext": ".png",
            "w": 2492,
            "h": 1541,
            "tn_w": 250,
            "tn_h": 154,
            "tim": 1687965357797947,
            "time": 1687965357,
            "md5": "3AVIe1NbHnzSne++GmTPtQ==",
            "fsize": 3165592,
            "resto": 0,
            "bumplimit": 0,
            "imagelimit": 0,
            "semantic_url": "heres-my-idea-for-an-experimental-bicycle-design",
            "replies": 21,
            "images": 7,
            "unique_ips": 13
        },
        {
            "no": 2639750,
            "now": "06/28/23(Wed)11:54:23",
            "name": "Anonymous",
            "com": "How is that different from pic related except for your design being about as awful as it can be. I don&#039;t think mechanical design is in your future.<br><br>And if my pic has a huge stupid transparency across it, it&#039;s because I didn&#039;t waste time fixing OP&#039;s crap. Graphic design is not in his future either.",
            "filename": "1687965357797947",
            "ext": ".png",
            "w": 2492,
            "h": 1541,
            "tn_w": 125,
            "tn_h": 77,
            "tim": 1687967663962744,
            "time": 1687967663,
            "md5": "hHNe0G+vWjOyJbj1iITPRg==",
            "fsize": 2362185,
            "resto": 2639739
        },
        {
            "no": 2639780,
            "now": "06/28/23(Wed)12:54:36",
            "name": "Anonymous",
            "com": "<a href=\"#p2639739\" class=\"quotelink\">&gt;&gt;2639739</a><br>What problem are you trying to solve?",
            "time": 1687971276,
            "resto": 2639739
        },
        {
            "no": 2639782,
            "now": "06/28/23(Wed)12:56:10",
            "name": "Anonymous",
            "com": "<a href=\"#p2639739\" class=\"quotelink\">&gt;&gt;2639739</a><br>OP your &quot;experimental bicycle design&quot; is just a lowrider bicycle.<br>People have been making them for years.<br><br>To answer your question, if you look at photos of lowriders, you&#039;ll notice they all have the diagonal support shown in <a href=\"#p2639750\" class=\"quotelink\">&gt;&gt;2639750</a>",
            "filename": "s-l1600",
            "ext": ".jpg",
            "w": 1600,
            "h": 1148,
            "tn_w": 125,
            "tn_h": 89,
            "tim": 1687971370307097,
            "time": 1687971370,
            "md5": "X0Btg4P1mzThNX1fci7l/A==",
            "fsize": 365225,
            "resto": 2639739
        },
        {
            "no": 2639821,
            "now": "06/28/23(Wed)13:56:33",
            "name": "Anonymous",
            "com": "<a href=\"#p2639780\" class=\"quotelink\">&gt;&gt;2639780</a><br>normal bikes aren&#039;t retarded enough",
            "time": 1687974993,
            "resto": 2639739
        },
        {
            "no": 2639832,
            "now": "06/28/23(Wed)14:12:30",
            "name": "Anonymous",
            "com": "<a href=\"#p2639782\" class=\"quotelink\">&gt;&gt;2639782</a><br>That&#039;s a springer front end with articulated linkages, not a fixed support.",
            "time": 1687975950,
            "resto": 2639739
        },
        {
            "no": 2639835,
            "now": "06/28/23(Wed)14:18:06",
            "name": "Anonymous",
            "com": "<a href=\"#p2639739\" class=\"quotelink\">&gt;&gt;2639739</a><br>Looks like it would be very painful",
            "time": 1687976286,
            "resto": 2639739
        },
        {
            "no": 2639843,
            "now": "06/28/23(Wed)14:29:08",
            "name": "Anonymous",
            "com": "<a href=\"#p2639739\" class=\"quotelink\">&gt;&gt;2639739</a><br><span class=\"quote\">&gt; kind of mechanical stress the frame might experience</span><br>You\u2019re putting 100% of the stress in the right angle joint (weld), and the suspension does fuck all unless you ride it straighy into a wall which you probably will because steering will be highly unstable if it works at all",
            "time": 1687976948,
            "resto": 2639739
        },
        {
            "no": 2639849,
            "now": "06/28/23(Wed)14:37:52",
            "name": "Anonymous",
            "com": "<a href=\"#p2639835\" class=\"quotelink\">&gt;&gt;2639835</a><br>He&#039;s a big guy",
            "time": 1687977472,
            "resto": 2639739
        },
        {
            "no": 2639855,
            "now": "06/28/23(Wed)14:52:31",
            "name": "Anonymous",
            "com": "<a href=\"#p2639843\" class=\"quotelink\">&gt;&gt;2639843</a><br>Seems to work for professional cargo bikes",
            "filename": "611945822cd79edf6aaf63da01b63fac",
            "ext": ".jpg",
            "w": 1600,
            "h": 1067,
            "tn_w": 125,
            "tn_h": 83,
            "tim": 1687978351129913,
            "time": 1687978351,
            "md5": "g/XRMRiDH+U5yC0OG8l/xQ==",
            "fsize": 435532,
            "resto": 2639739
        },
        {
            "no": 2639860,
            "now": "06/28/23(Wed)15:03:36",
            "name": "Anonymous",
            "com": "<a href=\"#p2639855\" class=\"quotelink\">&gt;&gt;2639855</a><br>Bicycle and tricycle steering geometry and wheel loading/unloading in turns and when braking (and howcthey all relate and interact) are very, very different.<br><br>Biggest difference is that bicycles lean in turns, nearly all tricycles including that cargo bike do not.",
            "time": 1687979016,
            "resto": 2639739
        },
        {
            "no": 2639870,
            "now": "06/28/23(Wed)15:29:02",
            "name": "Anonymous",
            "com": "Besides the lunnecessary loads on the added fork joi t and suspension issues pointed out in <a href=\"#p2639860\" class=\"quotelink\">&gt;&gt;2639860</a> , changing the fork angle relative to level the way this &quot;design&quot; does and moving the from axle forward will have the effect of increasing the turning radius and also makes the front wheel want to turn to lat flat to the road surface without starting input to hold it vertical and aimed forward. At best it makes a bike more work to keep upright, and at worst makes it prone to crashing from the tiniest moment of inattention or unanticipated steering input from road surface changes, ricks and debris, etc.<br><br>Some of that rake is intended to help it want to turn off a straight track with minimal effort and help it lean smoothly in turns but it&#039;s a fine balance. Note that in picrel the illustration has been shifted so both wheels as drawn touch the ground, thisxalone changes the rake angle by a couple of degrees in the direction of less control.",
            "filename": "photostudio_1687979726862",
            "ext": ".jpg",
            "w": 1080,
            "h": 1501,
            "tn_w": 89,
            "tn_h": 125,
            "tim": 1687980542863261,
            "time": 1687980542,
            "md5": "sWoOh1sQjicMM+FabUn4Rg==",
            "fsize": 657070,
            "resto": 2639739
        },
        {
            "no": 2639871,
            "now": "06/28/23(Wed)15:30:36",
            "name": "Anonymous",
            "com": "Sorry, meant the points made by <a href=\"#p2639843\" class=\"quotelink\">&gt;&gt;2639843</a>",
            "time": 1687980636,
            "resto": 2639739
        },
        {
            "no": 2639873,
            "now": "06/28/23(Wed)15:35:01",
            "name": "Anonymous",
            "com": "So nobody\u2019s going to point out that the bike is impossible to steer?",
            "time": 1687980901,
            "resto": 2639739
        },
        {
            "no": 2639875,
            "now": "06/28/23(Wed)15:43:31",
            "name": "Anonymous",
            "com": "<a href=\"#p2639873\" class=\"quotelink\">&gt;&gt;2639873</a><br>No, because it isn&#039;t true. It will be more difficult than necessary both in raw effort required and in skill/ attention needed to maintain control, and that&#039;s been pointed out a number of times already, and it&#039;s nowhere near the kind of extremes people go to when raking front ends, that also aren&#039;t &quot;impossible&quot; to steer.<br><br>If the wheelbase and fork axis don&#039;t change, the path the forks in picrel might take don&#039;t really matter one way or another to how it will steer. But it will steer radically different than a stock bike without that extended wheelbase and extreme rake.",
            "filename": "c7d8f8d2aebdbb6caee3815f2e96e7d0",
            "ext": ".jpg",
            "w": 650,
            "h": 650,
            "tn_w": 125,
            "tn_h": 125,
            "tim": 1687981411523234,
            "time": 1687981411,
            "md5": "6LABPNSbGL/0C6aBYq32qQ==",
            "fsize": 91138,
            "resto": 2639739
        },
        {
            "no": 2639879,
            "now": "06/28/23(Wed)15:53:02",
            "name": "Anonymous",
            "com": "try building this https://www.youtube.com/watch?v=PX3<wbr>A7GLtFqM",
            "time": 1687981982,
            "resto": 2639739
        },
        {
            "no": 2639903,
            "now": "06/28/23(Wed)16:32:06",
            "name": "Anonymous",
            "com": "<a href=\"#p2639879\" class=\"quotelink\">&gt;&gt;2639879</a><br>while that&#039;s an impressive accomplishment, it&#039;s one of the stupidest most useless things ever.",
            "time": 1687984326,
            "resto": 2639739
        },
        {
            "no": 2639905,
            "now": "06/28/23(Wed)16:33:32",
            "name": "Anonymous",
            "com": "<a href=\"#p2639903\" class=\"quotelink\">&gt;&gt;2639903</a><br><span class=\"quote\">&gt;one of the stupidest most useless things ever</span><br>We&#039;re in a thread about bicycles.",
            "time": 1687984412,
            "resto": 2639739
        },
        {
            "no": 2639921,
            "now": "06/28/23(Wed)16:58:26",
            "name": "Anonymous",
            "com": "<span class=\"quote\">&gt;demoralization thread</span>",
            "time": 1687985906,
            "resto": 2639739
        },
        {
            "no": 2639933,
            "now": "06/28/23(Wed)17:12:37",
            "name": "Anonymous",
            "com": "<a href=\"#p2639905\" class=\"quotelink\">&gt;&gt;2639905</a><br><span class=\"quote\">&gt;We&#039;re in a thread about bicycles.</span><br><br>to be precise, we&#039;re in a thread about stupid useless bicycle mods, so yeah, that video fits perfectly here, and OP&#039;s magnificent design would be great with that retarded back wheel mod.",
            "time": 1687986757,
            "resto": 2639739
        },
        {
            "no": 2639934,
            "now": "06/28/23(Wed)17:15:45",
            "name": "Anonymous",
            "com": "<a href=\"#p2639875\" class=\"quotelink\">&gt;&gt;2639875</a><br>Where did this trend even come from, seems mega retarded and fugly.",
            "filename": "hqdefault",
            "ext": ".jpg",
            "w": 480,
            "h": 360,
            "tn_w": 125,
            "tn_h": 93,
            "tim": 1687986945967315,
            "time": 1687986945,
            "md5": "rd8/t0oBmSdWHpyVdMYUIQ==",
            "fsize": 51284,
            "resto": 2639739
        },
        {
            "no": 2639939,
            "now": "06/28/23(Wed)17:20:12",
            "name": "Anonymous",
            "com": "<a href=\"#p2639875\" class=\"quotelink\">&gt;&gt;2639875</a><br><a href=\"#p2639934\" class=\"quotelink\">&gt;&gt;2639934</a><br>Actually NVM, looking at older bikes, someone probably just extended one to get bit more rake angle and then kept going for the lulz.",
            "filename": "old-school-1935-harley-davidson-rl-45-was-built-for-solo-riders-153164_1",
            "ext": ".jpg",
            "w": 1358,
            "h": 762,
            "tn_w": 125,
            "tn_h": 70,
            "tim": 1687987212748250,
            "time": 1687987212,
            "md5": "2XEE+G7kHhjH8lQ4pwQOaQ==",
            "fsize": 335585,
            "resto": 2639739
        }
    ]
}