{
    "posts": [
        {
            "no": 2632544,
            "now": "06/15/23(Thu)05:12:57",
            "name": "Anonymous",
            "sub": "/mcg/ - Microcontroller General: Snibbedy Snab Edition",
            "com": "Previous thread:<span class=\"deadlink\">&gt;&gt;2605407</span><br><br>Here we discuss microcontrollers, SBCs and microcontroller accessories, such as Atmel mega and tiny AVRs (Arduinos), PICs, ARM boards such as blue/black pill STM32, ESP8266/32s, RP2040, Raspberry Pi, and others.<br><br>For general electronics questions (power supplies, level shifting, motor driving, etc.) please ask /ohm/.<br><br><span class=\"quote\">&gt;where can I find verified quality microcontrollers and other electronic sensors or parts</span><br>digikey.com<br>mouser.com<br>arrow.com<br>newark.com<br><br><span class=\"quote\">&gt;but that&#039;s too expensive</span><br>aliexpress.com (many parts here are fake, particularly specific parts out of stock in the above sites)<br>lcsc.com<br><br><span class=\"quote\">&gt;I need a part that does X and Y, with Z specifications. How can I find it?</span><br>use digikey or mouser&#039;s parametric part search. Then purchase from one of the sellers listed above.<br><br><span class=\"quote\">&gt;how do I get started with microcontrollers, where should I start?</span><br>There is no defined starting point, grab a book and start reading or buy an arduino off ebay/amazon and start messing around. There are a plethora of examples online to get started.<br><br><span class=\"quote\">&gt;resources:</span><br>https://github.com/kitspace/awesome<wbr>-electronics",
            "filename": "Realtek",
            "ext": ".png",
            "w": 722,
            "h": 702,
            "tn_w": 250,
            "tn_h": 243,
            "tim": 1686820377069431,
            "time": 1686820377,
            "md5": "+qOdgI+sMoWmXu6OKHBrlg==",
            "fsize": 715061,
            "resto": 0,
            "bumplimit": 0,
            "imagelimit": 0,
            "semantic_url": "mcg-microcontroller-general-snibbedy-snab-edition",
            "replies": 109,
            "images": 11,
            "unique_ips": 49
        },
        {
            "no": 2632644,
            "now": "06/15/23(Thu)10:06:39",
            "name": "Anonymous",
            "com": "Yay, this time someone else started the new thread! I was at like 4 in a row.",
            "time": 1686837999,
            "resto": 2632544
        },
        {
            "no": 2632864,
            "now": "06/15/23(Thu)18:07:00",
            "name": "Anonymous",
            "com": "Is this a viable way to handle multiple buttons with limited external interrupt pins? Is there a more graceful solution that doesn&#039;t involve an external chip and some communication protocol?",
            "filename": "Attach8401_20230615_163741",
            "ext": ".jpg",
            "w": 694,
            "h": 500,
            "tn_w": 125,
            "tn_h": 90,
            "tim": 1686866820554649,
            "time": 1686866820,
            "md5": "rnQE7LkqhDcWuveWjw49PA==",
            "fsize": 69137,
            "resto": 2632544
        },
        {
            "no": 2632875,
            "now": "06/15/23(Thu)18:17:32",
            "name": "Anonymous",
            "com": "<a href=\"#p2632864\" class=\"quotelink\">&gt;&gt;2632864</a><br>This is not viable.<br>Forget about the interrupt lines and just poll them which is effectively what you have to do to debounce them anyway.",
            "time": 1686867452,
            "resto": 2632544
        },
        {
            "no": 2632878,
            "now": "06/15/23(Thu)18:26:17",
            "name": "Anonymous",
            "com": "Are there any devices which continually send an IP packet on ethernet (e.g. can be DHCP, ARP, whatever) as long as they are powered on?<br>Or is there a way to get a microcontroller for less than $50 that I can program to do that? It can be extremely minimal, as the only necessary functionality is to send that IP packet every second through its only Ethernet port<br><br>I need to power up a computer using Wake-on-LAN.",
            "time": 1686867977,
            "resto": 2632544
        },
        {
            "no": 2632880,
            "now": "06/15/23(Thu)18:27:47",
            "name": "Anonymous",
            "com": "<a href=\"#p2632875\" class=\"quotelink\">&gt;&gt;2632875</a><br>What if, and hear me out, I don&#039;t want to use polling?",
            "time": 1686868067,
            "resto": 2632544
        },
        {
            "no": 2632881,
            "now": "06/15/23(Thu)18:31:11",
            "name": "Anonymous",
            "com": "<a href=\"#p2632878\" class=\"quotelink\">&gt;&gt;2632878</a><br>Alright I think I answered my own question, might purchase picrel which apparently supports C programming",
            "filename": "Untitled",
            "ext": ".png",
            "w": 1585,
            "h": 697,
            "tn_w": 124,
            "tn_h": 54,
            "tim": 1686868271916281,
            "time": 1686868271,
            "md5": "e6pRwBJf2eip1CFwAvQFcA==",
            "fsize": 532631,
            "resto": 2632544
        },
        {
            "no": 2632884,
            "now": "06/15/23(Thu)18:35:15",
            "name": "Anonymous",
            "com": "<a href=\"#p2632880\" class=\"quotelink\">&gt;&gt;2632880</a><br><span class=\"quote\">&gt; polling = don\u2019t want</span><br>Well, now you\u2019re going to place debouncing circuitry in front of the buttons.<br>In theory you could debounce with interrupts, but you may get multiple false trigger interrupts and it\u2019s a bit of a mess, code-wise.<br>You\u2019re always going to be polling to determine which button was pressed to some degree. Some microcontrollers didn\u2019t have interrupts so they just checked for presses in a loop. Your bread maker buttons, for example.<br>Oh, and you don\u2019t need the transistors either. If you want to keep them, you can use them in your debouncing circuitry with a capacitor and resistor, a simple \u201csample and hold\u201d type of circuit to amplify the effect of the capacitor.",
            "time": 1686868515,
            "resto": 2632544
        },
        {
            "no": 2632885,
            "now": "06/15/23(Thu)18:41:27",
            "name": "Anonymous",
            "com": "<a href=\"#p2632878\" class=\"quotelink\">&gt;&gt;2632878</a><br>I doubt it will wake up on any broadcast packet, it should be addressed to the MAC specifically.<br><br>That seems really expensive when you can get a reprogrammable router at goodwill for $5 using DD-WRT or Tomato.",
            "time": 1686868887,
            "resto": 2632544
        },
        {
            "no": 2632893,
            "now": "06/15/23(Thu)18:53:31",
            "name": "Anonymous",
            "com": "<a href=\"#p2632885\" class=\"quotelink\">&gt;&gt;2632885</a><br>I configured Wake-on-LAN with ethtool to use the &#039;phy&#039; option, so any physical activity (i.e. any packet) will wake it up. <br><span class=\"quote\">&gt; using DD-WRT or Tomato</span><br>DD-WRT looks really interesting, they have an Automatic Wake-on-LAN daemon which seems perfect: https://wiki.dd-wrt.com/wiki/index.<wbr>php/WOL<br><br>I don&#039;t think I&#039;ll be able to find reprogrammable routers at goodwill though lol",
            "time": 1686869611,
            "resto": 2632544
        },
        {
            "no": 2632898,
            "now": "06/15/23(Thu)19:12:03",
            "name": "Anonymous",
            "com": "<a href=\"#p2632884\" class=\"quotelink\">&gt;&gt;2632884</a><br>Unless I&#039;m misunderstand what you&#039;re implying, the transistors or some equivalent are necessary to isolate the buttons from each other if the interrupt pins are to be used. I&#039;m fine with hardware debouncing.",
            "time": 1686870723,
            "resto": 2632544
        },
        {
            "no": 2632910,
            "now": "06/15/23(Thu)19:30:30",
            "name": "Anonymous",
            "com": "<a href=\"#p2632864\" class=\"quotelink\">&gt;&gt;2632864</a><br>It&#039;s a good idea to put a 1K-2K resistor on the base of transistors that you&#039;re using like that for digital control. When I looked up the details on that I seem to recall that the problem was transistors will sink a lot more current than necessary through the B-E junction if you let them.<br>And in that particular setup (ignoring the naive use of interrupts) you could just use diodes instead. Oh yeah, and don&#039;t forget a pull-up/down resistor on the CPU input (either external or internal). The input has to swing both ways to work properly.",
            "time": 1686871830,
            "resto": 2632544
        },
        {
            "no": 2632924,
            "now": "06/15/23(Thu)19:53:56",
            "name": "Anonymous",
            "com": "<a href=\"#p2632898\" class=\"quotelink\">&gt;&gt;2632898</a><br>For hardware debouncing, I think you&#039;re best off using schmitt inverters/buffers, like the 74HC14. Unless whatever multiplexing IC or MCU you&#039;re using already has schmitt inputs.",
            "time": 1686873236,
            "resto": 2632544
        },
        {
            "no": 2633018,
            "now": "06/15/23(Thu)23:45:55",
            "name": "Anonymous",
            "com": "<a href=\"#p2632864\" class=\"quotelink\">&gt;&gt;2632864</a><br>most retarded thing ive ever seen for button multiplexing...and button input in general",
            "time": 1686887155,
            "resto": 2632544
        },
        {
            "no": 2633033,
            "now": "06/16/23(Fri)00:26:17",
            "name": "Anonymous",
            "com": "What are the most common jobs that will allow me to look at and touch PCBs regularly?",
            "time": 1686889577,
            "resto": 2632544
        },
        {
            "no": 2633043,
            "now": "06/16/23(Fri)00:52:58",
            "name": "Anonymous",
            "com": "<a href=\"#p2632864\" class=\"quotelink\">&gt;&gt;2632864</a><br>In addition to connecting each button to its (non interrupt) pin, connect all buttons together via diodes and connect that to interrupt pin (so OR them). When interrupt happens, check all buttons individually",
            "time": 1686891178,
            "resto": 2632544
        },
        {
            "no": 2633044,
            "now": "06/16/23(Fri)00:53:03",
            "name": "Anonymous",
            "com": "<a href=\"#p2633033\" class=\"quotelink\">&gt;&gt;2633033</a><br>Foxconn employee",
            "time": 1686891183,
            "resto": 2632544
        },
        {
            "no": 2633049,
            "now": "06/16/23(Fri)01:12:12",
            "name": "Anonymous",
            "com": "<a href=\"#p2633033\" class=\"quotelink\">&gt;&gt;2633033</a><br>A pajeer boy salvaging thrash for electronics",
            "time": 1686892332,
            "resto": 2632544
        },
        {
            "no": 2633063,
            "now": "06/16/23(Fri)03:13:44",
            "name": "Anonymous",
            "com": "<a href=\"#p2633044\" class=\"quotelink\">&gt;&gt;2633044</a><br><a href=\"#p2633049\" class=\"quotelink\">&gt;&gt;2633049</a><br>i mean in the US and pays at least $50k/yr",
            "time": 1686899624,
            "resto": 2632544
        },
        {
            "no": 2633067,
            "now": "06/16/23(Fri)03:25:35",
            "name": "Anonymous",
            "com": "<a href=\"#p2633033\" class=\"quotelink\">&gt;&gt;2633033</a><br>any business that does their own electronics design",
            "time": 1686900335,
            "resto": 2632544
        },
        {
            "no": 2633110,
            "now": "06/16/23(Fri)06:28:56",
            "name": "Anonymous",
            "com": "<a href=\"#p2633033\" class=\"quotelink\">&gt;&gt;2633033</a><br>audiophile equipment technician",
            "time": 1686911336,
            "resto": 2632544
        },
        {
            "no": 2633124,
            "now": "06/16/23(Fri)06:59:21",
            "name": "Anonymous",
            "com": "Don&#039;t know where to put this, but i have two wall mounted speakers with a 12V supply in hand, is there a board i can get with bluetooth to make these speakers smart? Obvisously it needs to have enough power to drive them.",
            "time": 1686913161,
            "resto": 2632544
        },
        {
            "no": 2633125,
            "now": "06/16/23(Fri)07:02:52",
            "name": "Anonymous",
            "com": "<a href=\"#p2633124\" class=\"quotelink\">&gt;&gt;2633124</a><br>More of a /ohm/ question, but I&#039;d separate that into two different boards. One decent quality class-D amplifier board, and one bluetooth receiver board. That way you can better choose a quality bluetooth receiver, using BT5.1 or whatever, and choose a good amplifier too. Even go for a TWS setup like DIY Perks did in a recent video, for stereo without connecting wires.",
            "time": 1686913372,
            "resto": 2632544
        },
        {
            "no": 2633131,
            "now": "06/16/23(Fri)07:11:42",
            "name": "Anonymous",
            "com": "<a href=\"#p2633125\" class=\"quotelink\">&gt;&gt;2633125</a><br>Is aliexpress decent to get those? I was eyeing some there, but don&#039;t know if it&#039;s a good ideia to get audio stuff there.",
            "time": 1686913902,
            "resto": 2632544
        },
        {
            "no": 2633370,
            "now": "06/16/23(Fri)16:46:11",
            "name": "Anonymous",
            "com": "<a href=\"#p2633131\" class=\"quotelink\">&gt;&gt;2633131</a><br>If you know what you&#039;re buying, probably. In particular, pay attention to what chips they&#039;re using. Both bluetooth and class-D amplifiers usually just use a single main chip, so you can look up the specs of that one chip, and also look up its price to see if it&#039;s likely to be a fake of a $5 chip in your $3 board. Filterless class-D is ok, but personally I&#039;d want to go for class-D that uses LC output filters. Those should be easy to spot by the inductors.",
            "time": 1686948371,
            "resto": 2632544
        },
        {
            "no": 2633379,
            "now": "06/16/23(Fri)17:17:27",
            "name": "Anonymous",
            "com": "<a href=\"#p2632878\" class=\"quotelink\">&gt;&gt;2632878</a><br>you can use a raspi or similar and just script it to run ether-wake<br>https://www.linux.org/docs/man8/eth<wbr>er-wake.html",
            "time": 1686950247,
            "resto": 2632544
        },
        {
            "no": 2633389,
            "now": "06/16/23(Fri)17:32:34",
            "name": "Anonymous",
            "com": "<a href=\"#p2633370\" class=\"quotelink\">&gt;&gt;2633370</a><br>How do they make a filterless Class D amplifier?<br>The only think I can think of is that they have/need/use special speakers where the inductor coil is also the voice coil\u2026 or something along those lines",
            "time": 1686951154,
            "resto": 2632544
        },
        {
            "no": 2633958,
            "now": "06/17/23(Sat)18:20:32",
            "name": "Anonymous",
            "com": "<a href=\"#p2633389\" class=\"quotelink\">&gt;&gt;2633389</a><br>If you PWM an inductor using a half-bridge or H-bridge, there will be barely any current ripple if you pick a high enough frequency. The voltage ripple will be massive, but inductors obey the law V= L*dI/dt. For a square wave voltage waveform you&#039;ll get a triangle wave current waveform, and if your frequency is really high, the \u2206t will be really low. You get \u2206I = V/L*\u2206t = V/(L*2f), which you want to be below the 0dB current for your given speaker driver. Because the force of the speaker driver is directly proportional to magnetic field strength, which is proportional to current.<br><br>So yeah, the inductor kinda is the voice coil. But there&#039;s no capacitor, so ultimately you&#039;re missing out on like 20dB/decade of ripple rejection, if not more.",
            "time": 1687040432,
            "resto": 2632544
        },
        {
            "no": 2634577,
            "now": "06/18/23(Sun)20:42:37",
            "name": "Anonymous",
            "com": "Can I code an MCU in python to stimulate my prostate?",
            "time": 1687135357,
            "resto": 2632544
        },
        {
            "no": 2634686,
            "now": "06/19/23(Mon)02:52:19",
            "name": "Anonymous",
            "com": "<a href=\"#p2634577\" class=\"quotelink\">&gt;&gt;2634577</a><br>Only if you use somewhat a modern microcontroller. If putting python code onto older microcontrollers, you may have a hard time getting it to fit.",
            "time": 1687157539,
            "resto": 2632544
        },
        {
            "no": 2634766,
            "now": "06/19/23(Mon)09:03:10",
            "name": "Anonymous",
            "com": "<a href=\"#p2634577\" class=\"quotelink\">&gt;&gt;2634577</a><br><span class=\"quote\">&gt;code an MCU in python</span><br><span class=\"quote\">&gt;stimulate my prostate?</span><br>Which of those is more degenerate?",
            "time": 1687179790,
            "resto": 2632544
        },
        {
            "no": 2634811,
            "now": "06/19/23(Mon)10:22:57",
            "name": "Anonymous",
            "com": "<a href=\"#p2634766\" class=\"quotelink\">&gt;&gt;2634766</a><br>coding it in Rust would be more degenerate",
            "time": 1687184577,
            "resto": 2632544
        },
        {
            "no": 2635056,
            "now": "06/19/23(Mon)20:26:09",
            "name": "Anonymous",
            "com": "What&#039;s the best way to pull a chip from a PCB? I&#039;m trying to recycle some microcontrollers from hacker badges I&#039;ve gained from over the years.",
            "filename": "1377685994381",
            "ext": ".jpg",
            "w": 450,
            "h": 2197,
            "tn_w": 25,
            "tn_h": 125,
            "tim": 1687220769222095,
            "time": 1687220769,
            "md5": "95rBG4C+zWHQ7ty+ogyx+w==",
            "fsize": 618794,
            "resto": 2632544
        },
        {
            "no": 2635087,
            "now": "06/19/23(Mon)21:38:12",
            "name": "Anonymous",
            "com": "<a href=\"#p2635056\" class=\"quotelink\">&gt;&gt;2635056</a><br><span class=\"quote\">&gt;pull a chip from a PCB?</span><br><br>watch some Louis Rossman repair videos<br>- add flux<br>- optionally add new solder<br>- heat with paint strip gun<br>- shove chip off when it comes loose<br>if no heat gun, and the PCB is expendable, you can use a toaster oven, or even an old frying pan",
            "time": 1687225092,
            "resto": 2632544
        },
        {
            "no": 2635093,
            "now": "06/19/23(Mon)21:51:48",
            "name": "Anonymous",
            "com": "<a href=\"#p2635056\" class=\"quotelink\">&gt;&gt;2635056</a><br>- desoldering tool (soldering iron with hollow tip and air pump), the hakko one is commonly used<br>- adding flux<br>- adding leaded solder to dilute lead-free solder<br>- double-sided boards are much easier than multi-layer<br>- heat gun, and even tools clipping to the part you want so it can fall through when melted<br>there&#039;s lots of ways, but the main one is lots of practice, especially when there&#039;s a chip you want",
            "time": 1687225908,
            "resto": 2632544
        },
        {
            "no": 2635198,
            "now": "06/20/23(Tue)01:44:59",
            "name": "Anonymous",
            "com": "<a href=\"#p2635056\" class=\"quotelink\">&gt;&gt;2635056</a><br>If it&#039;s SMD, then hot air is probably the way to go. That said, SMD desoldering shims might exist.",
            "time": 1687239899,
            "resto": 2632544
        },
        {
            "no": 2635411,
            "now": "06/20/23(Tue)14:18:24",
            "name": "Anonymous",
            "com": "How do you identify this ribbon connector? It&#039;s 14 pin, it goes to a keypad. i want to drag-and-drop it in KiCad. i guess pin pitch and stuff but is there a name for this brow &#039;style&#039; of a flush connector? Because even if you get the pin number and pitch right, each manufacturer probably throws in their own differences so it would be nice to know exactly what part number this is. It&#039;s a machine from 2004",
            "filename": "14pin-ribbon",
            "ext": ".png",
            "w": 393,
            "h": 387,
            "tn_w": 125,
            "tn_h": 123,
            "tim": 1687285104117356,
            "time": 1687285104,
            "md5": "eiUgDzk46FCgm5RcuOh3zg==",
            "fsize": 233575,
            "resto": 2632544
        },
        {
            "no": 2635484,
            "now": "06/20/23(Tue)16:12:37",
            "name": "Anonymous",
            "com": "<a href=\"#p2635411\" class=\"quotelink\">&gt;&gt;2635411</a><br>ask /ohm/",
            "time": 1687291957,
            "resto": 2632544
        },
        {
            "no": 2635508,
            "now": "06/20/23(Tue)17:28:32",
            "name": "Anonymous",
            "com": "<a href=\"#p2635087\" class=\"quotelink\">&gt;&gt;2635087</a><br><span class=\"quote\">&gt;- heat with paint strip gun</span><br>*BZZZZZZZT RETARD ALERT*<br>The hot air station Louis uses uses VERY small streams of heat to soften solder. An off the shelf hot air gun use for paint stripping will wipe half the board off in minutes. Literally blow every component off it.",
            "time": 1687296512,
            "resto": 2632544
        },
        {
            "no": 2635565,
            "now": "06/20/23(Tue)19:22:40",
            "name": "Anonymous",
            "com": "<a href=\"#p2635508\" class=\"quotelink\">&gt;&gt;2635508</a><br><span class=\"quote\">&gt;Literally blow every component off it.</span><br><br>dude just wants the chips, the rest is junk.<br>if the dude already owned a rework station, he wouldnt be asking such noob questions.<br>if the dude had money for a rework station, he wouldnt be scrounging chips.<br>but everybody has family/friends, one of which owns a heat gun.",
            "time": 1687303360,
            "resto": 2632544
        },
        {
            "no": 2635625,
            "now": "06/20/23(Tue)20:56:18",
            "name": "Anonymous",
            "com": "<a href=\"#p2635508\" class=\"quotelink\">&gt;&gt;2635508</a><br>Hot air station is for repairs. Heat gun works fine for just getting chips. It&#039;s even better because it can heat a larger area since you don&#039;t give a fuck about collateral damage. Whoops there go some tiny little resistors, big fucking deal.",
            "time": 1687308978,
            "resto": 2632544
        },
        {
            "no": 2635724,
            "now": "06/21/23(Wed)00:46:20",
            "name": "Anonymous",
            "com": "I&#039;m new to electronic work like this and it will probably show.<br>I have one of these little fans from Canakit for RPis. They suggest the 5V pin to power it on, but it can use the 3.3v pin if desired. So I was wondering if I would be able to connect the fan to a breadboard and plug the red wire in via a transistor to one of the GPIO pins, I got one of those extension shields, and be able to turn the fan on and off via python programming. Sort of like a basic LED. I would think it should work, but sometimes I&#039;m surprised since I know so little right now. I thought I heard the GPIO ports use 3.3v but maybe I read wrong.",
            "filename": "2496",
            "ext": ".jpg",
            "w": 1500,
            "h": 1500,
            "tn_w": 125,
            "tn_h": 125,
            "tim": 1687322780242559,
            "time": 1687322780,
            "md5": "HNpUm2dQmi1OVYHa5x5KXw==",
            "fsize": 147333,
            "resto": 2632544
        },
        {
            "no": 2635733,
            "now": "06/21/23(Wed)01:16:05",
            "name": "Anonymous",
            "com": "<a href=\"#p2635724\" class=\"quotelink\">&gt;&gt;2635724</a><br>Yeah should be fine. Look up &quot;transistor fan circuit&quot; if you get stuck. Raspi GPIO does use 3.3V, but you can easily use a 3.3V signal to control 5V power going to your fan.<br><br>You could even use the temperature sensor inside the raspi (I assume there is one) to feed a PID loop in software (nice python project) to PWM the fan. Not sure if you need a freewheel diode with one of those brushless fans, I&#039;d include one for safety&#039;s sake.",
            "time": 1687324565,
            "resto": 2632544
        },
        {
            "no": 2635761,
            "now": "06/21/23(Wed)02:45:59",
            "name": "Anonymous",
            "com": "I got a kit from a company from Freenove off Amazon, and been using it to play around with an RPi.<br>I have the RGB led hooked up based on their tutorial. For some reason when it comes to controlling an RGBLED with the GPIO library, not gpiozero, the duty cycles seem backwards. For example I have to set pwmGreen and pwmBlue to 100 and pwmRed to 0 to make only red light up. I thought I&#039;d set pwmRed to 100, and the other two to 0 to make it where only red is active.<br>When using gpiozero it works as intended though.<br><br>Any idea what&#039;s going on? Or is it suppose to work like this?",
            "time": 1687329959,
            "resto": 2632544
        },
        {
            "no": 2635769,
            "now": "06/21/23(Wed)03:16:41",
            "name": "Anonymous",
            "com": "<a href=\"#p2635761\" class=\"quotelink\">&gt;&gt;2635761</a><br>Might be the software thinking it&#039;s using common-collector RGB LEDs when you&#039;re actually using common-emitter RGB LEDs? See if there&#039;s a setting for that, or otherwise inverting the output.",
            "time": 1687331801,
            "resto": 2632544
        },
        {
            "no": 2635823,
            "now": "06/21/23(Wed)08:15:43",
            "name": "Anonymous",
            "com": "<span class=\"quote\">&gt;ad9833 complete module on aliexpress: $3</span><br><span class=\"quote\">&gt;ad9833 bare IC on lcsc: $5</span><br><br>are these literally fake chips?",
            "filename": "arduino-ad9833-signal-generator",
            "ext": ".jpg",
            "w": 1000,
            "h": 1000,
            "tn_w": 125,
            "tn_h": 125,
            "tim": 1687349743282573,
            "time": 1687349743,
            "md5": "qGqlIqGK9FprYUz7K1OSVA==",
            "fsize": 306399,
            "resto": 2632544
        },
        {
            "no": 2635827,
            "now": "06/21/23(Wed)08:24:28",
            "name": "Anonymous",
            "com": "<a href=\"#p2635823\" class=\"quotelink\">&gt;&gt;2635823</a><br>could be &quot;midnight runs&quot;, could be surplus, could be rejects, and the trouble of ensuring that your source is legit is also a cost",
            "time": 1687350268,
            "resto": 2632544
        },
        {
            "no": 2635838,
            "now": "06/21/23(Wed)09:04:03",
            "name": "Anonymous",
            "com": "Give me a communication protocol that has<br><span class=\"quote\">&gt;minimal number of pins</span><br><span class=\"quote\">&gt;lowest complexity</span><br><span class=\"quote\">&gt;bi-directional master/slave setup</span><br><span class=\"quote\">&gt;flow control in both directions, any side can pause transfer</span><br><span class=\"quote\">&gt;can be bit-banged on master and slave</span>",
            "time": 1687352643,
            "resto": 2632544
        },
        {
            "no": 2635898,
            "now": "06/21/23(Wed)12:06:56",
            "name": "Anonymous",
            "com": "<a href=\"#p2635838\" class=\"quotelink\">&gt;&gt;2635838</a><br>UART",
            "time": 1687363616,
            "resto": 2632544
        },
        {
            "no": 2635912,
            "now": "06/21/23(Wed)12:30:10",
            "name": "Anonymous",
            "com": "<a href=\"#p2635898\" class=\"quotelink\">&gt;&gt;2635898</a><br>No flow control, unless you use awful legacy extra pins which nobody supports out of the box. No bit-banging, although you almost always have hardware UART peripherals.",
            "time": 1687365010,
            "resto": 2632544
        },
        {
            "no": 2635919,
            "now": "06/21/23(Wed)12:38:51",
            "name": "Anonymous",
            "com": "<a href=\"#p2635838\" class=\"quotelink\">&gt;&gt;2635838</a><br>10mbit ethernet",
            "time": 1687365531,
            "resto": 2632544
        },
        {
            "no": 2635925,
            "now": "06/21/23(Wed)12:51:25",
            "name": "Anonymous",
            "com": "<a href=\"#p2635919\" class=\"quotelink\">&gt;&gt;2635919</a><br>Not bad, but still too complex.",
            "time": 1687366285,
            "resto": 2632544
        },
        {
            "no": 2635929,
            "now": "06/21/23(Wed)12:56:31",
            "name": "Anonymous",
            "com": "<a href=\"#p2635925\" class=\"quotelink\">&gt;&gt;2635925</a><br>If you don&#039;t like i2c, uart, or ethernet you&#039;re really on the way to making your own shit",
            "filename": "boardmagjack",
            "ext": ".png",
            "w": 800,
            "h": 310,
            "tn_w": 125,
            "tn_h": 48,
            "tim": 1687366591548349,
            "time": 1687366591,
            "md5": "8s6ZdHOeVEAns1Qf67wQRA==",
            "fsize": 283990,
            "resto": 2632544
        },
        {
            "no": 2635930,
            "now": "06/21/23(Wed)12:59:22",
            "name": "Anonymous",
            "com": "<a href=\"#p2635838\" class=\"quotelink\">&gt;&gt;2635838</a><br>Zmodem<br><span class=\"quote\">&gt; pause transfer</span><br>So I can zap warez",
            "time": 1687366762,
            "resto": 2632544
        },
        {
            "no": 2635934,
            "now": "06/21/23(Wed)13:05:31",
            "name": "Anonymous",
            "com": "<a href=\"#p2635929\" class=\"quotelink\">&gt;&gt;2635929</a><br><span class=\"quote\">&gt;i2c</span><br>This needs only 2 pins, you can even connect multiple slaves, but it&#039;s too complex and you can&#039;t bit-bang the slave.<br><br><a href=\"#p2635930\" class=\"quotelink\">&gt;&gt;2635930</a><br>That&#039;s basically a protocol on top of UART. I&#039;m sick of using UART for things that aren&#039;t logging.",
            "time": 1687367131,
            "resto": 2632544
        },
        {
            "no": 2635937,
            "now": "06/21/23(Wed)13:08:17",
            "name": "Anonymous",
            "com": "<a href=\"#p2635934\" class=\"quotelink\">&gt;&gt;2635934</a><br>ground is a pin too, I2C needs three pins",
            "time": 1687367297,
            "resto": 2632544
        },
        {
            "no": 2635940,
            "now": "06/21/23(Wed)13:11:43",
            "name": "Anonymous",
            "com": "<a href=\"#p2635937\" class=\"quotelink\">&gt;&gt;2635937</a><br>Sure, with vcc and gnd it&#039;s 4 pins. I&#039;m interested in use on-PCB, so vcc and gnd are for free. Pins for actual signals not so much. At least I2C master is easy to bit-bang on a CPU with GPIOs, but you can&#039;t do that on the slave.",
            "time": 1687367503,
            "resto": 2632544
        },
        {
            "no": 2635943,
            "now": "06/21/23(Wed)13:13:48",
            "name": "Anonymous",
            "com": "<a href=\"#p2635934\" class=\"quotelink\">&gt;&gt;2635934</a><br>Why don\u2019t you tell us what you\u2019re trying to do?<br>How much data are you sending across?<br>What\u2019s the error-rate tolerance?<br>What distance does it have to travel over?<br>Does the source/destination share a common ground plane? Clock?<br><br>If you can use D/A and A/D converters with a shared ground you can basically send 8-bit bytes by setting the D/A value on one and picking it up on the other side using one wire if they share a common ground.",
            "time": 1687367628,
            "resto": 2632544
        },
        {
            "no": 2635949,
            "now": "06/21/23(Wed)13:16:24",
            "name": "Anonymous",
            "com": "<a href=\"#p2635940\" class=\"quotelink\">&gt;&gt;2635940</a><br>You don&#039;t need to share vcc between I2C devices, just keep the same reference from ground. Electronics 101.",
            "time": 1687367784,
            "resto": 2632544
        },
        {
            "no": 2635966,
            "now": "06/21/23(Wed)13:30:45",
            "name": "Anonymous",
            "com": "<a href=\"#p2635943\" class=\"quotelink\">&gt;&gt;2635943</a><br><span class=\"quote\">&gt;Why don\u2019t you tell us what you\u2019re trying to do?</span><br>Something unspecific like having to communicate between two MCUs located on the same PCB.<br><span class=\"quote\">&gt;How much data are you sending across?</span><br>Maybe in the order of dozens of KBs per second, like a fast UART.<br><span class=\"quote\">&gt;What\u2019s the error-rate tolerance?</span><br>Low, preferably low enough that it doesn&#039;t need any error correction or retry handling in software on top of it.<br><span class=\"quote\">&gt;What distance does it have to travel over?</span><br>Same PCB, so not much, but it shouldn&#039;t need any high speed communication lines the PCB guy would complain about.<br><span class=\"quote\">&gt;Does the source/destination share a common ground plane? Clock?</span><br>Yes, no.<br><br>I&#039;ve used UART and I2C for this purpose before. Didn&#039;t like it.",
            "time": 1687368645,
            "resto": 2632544
        },
        {
            "no": 2636060,
            "now": "06/21/23(Wed)17:43:43",
            "name": "Anonymous",
            "com": "<a href=\"#p2632880\" class=\"quotelink\">&gt;&gt;2632880</a><br>I believe it is a bad idea to attach anything bouncy to EXTI lines. EXTI is usually for digital signals with proper edges and no bouncing. For example, decoding PWM. <br>For buttons, stick to polling and software debouncing. It is simple and it works well. Why reinvent the wheel.",
            "time": 1687383823,
            "resto": 2632544
        },
        {
            "no": 2636066,
            "now": "06/21/23(Wed)18:22:21",
            "name": "Anonymous",
            "com": "<a href=\"#p2635838\" class=\"quotelink\">&gt;&gt;2635838</a><br><a href=\"#p2635966\" class=\"quotelink\">&gt;&gt;2635966</a><br><span class=\"quote\">&gt;bit-banged</span><br><span class=\"quote\">&gt;between two MCUs located on the same PCB</span><br>Why does it have to be able to be bit-banged? If you use I2C, even a cheap shitty MCU (e.g. ATtiny25) can act as either a master or a slave via its internal dedicated hardware. You can clock-stretch on the slave to pause the data transfer. How is I2C not perfect for this?<br><br>Also standards that use pull-up resistors like one-wire can also probably be modified to pause transfer when the receiver tries to let the line float high but detects it&#039;s still pulled low. Assuming it doesn&#039;t already do that.",
            "time": 1687386141,
            "resto": 2632544
        },
        {
            "no": 2636181,
            "now": "06/21/23(Wed)23:17:58",
            "name": "Anonymous",
            "com": "<a href=\"#p2635966\" class=\"quotelink\">&gt;&gt;2635966</a><br><span class=\"quote\">&gt;be retard</span><br><span class=\"quote\">&gt;ask for help</span><br><span class=\"quote\">&gt;get given numerous possible solutions for x problem</span><br><span class=\"quote\">&gt;nah i dont want to use it because i dont like it</span><br>no one gives a fuck what you like. since you specified pin count as a problem, your choices are: uart, or i2c. both can he bit banged, both can be paused since youre bit banging, both can go at 100kB/s or more. take it or fucking leave it. if you dont like it, the fuck off",
            "time": 1687403878,
            "resto": 2632544
        },
        {
            "no": 2636218,
            "now": "06/22/23(Thu)01:17:17",
            "name": "Anonymous",
            "com": "<a href=\"#p2635733\" class=\"quotelink\">&gt;&gt;2635733</a><br>Finally found something that got what I wanted to working. Thanks!",
            "time": 1687411037,
            "resto": 2632544
        },
        {
            "no": 2636237,
            "now": "06/22/23(Thu)02:20:48",
            "name": "Anonymous",
            "com": "Is low-side switching of MCUs a bad idea? I have a circuit where an MCU shuts itself down by pulling a GPIO down which turns off a transistor, disconnecting the circuit from the negative battery terminal. This simplifies the circuit vs. disconnecting VCC, but are there any side effects to doing it on the low side?",
            "time": 1687414848,
            "resto": 2632544
        },
        {
            "no": 2636276,
            "now": "06/22/23(Thu)04:31:01",
            "name": "Anonymous",
            "com": "<a href=\"#p2636237\" class=\"quotelink\">&gt;&gt;2636237</a><br>It&#039;s fine, but only if you ensure ground-coupled inputs and outputs are also fully shut off. Well if there&#039;s enough impedance you can rely on the protection diodes, but that&#039;s probably not brilliant for your quiescent current.",
            "time": 1687422661,
            "resto": 2632544
        },
        {
            "no": 2636480,
            "now": "06/22/23(Thu)14:52:59",
            "name": "Anonymous",
            "com": "<a href=\"#p2636066\" class=\"quotelink\">&gt;&gt;2636066</a><br>Have you ever debugged I2C? It&#039;s awful. Peripherals for I2C tend to be quite complicated too. I&#039;ve dealt with some.<br><span class=\"quote\">&gt;Why does it have to be able to be bit-banged?</span><br>It doesn&#039;t have to be. But first, it proves that anything can implement it, without running into timing problems. Second, it&#039;s often easier to debug than using hardware I2C.<br><span class=\"quote\">&gt;You can clock-stretch on the slave to pause the data transfer. </span><br>Can you clock-stretch the addressing phase?<br><br>There must be a better solution, like morse code over GPIO. Morse code is a joke, but you could invent an I2C or SPI like protocol that has both master and slave flow control, and isn&#039;t as complicated as I2C.<br><br><a href=\"#p2636181\" class=\"quotelink\">&gt;&gt;2636181</a><br>Why so aggressive? I know how to use these things. Why can&#039;t we post about possible alternatives?",
            "time": 1687459979,
            "resto": 2632544
        },
        {
            "no": 2636496,
            "now": "06/22/23(Thu)15:05:22",
            "name": "Anonymous",
            "com": "<a href=\"#p2636480\" class=\"quotelink\">&gt;&gt;2636480</a><br><span class=\"quote\">&gt;Have you ever debugged I2C?</span><br>I&#039;ve dealt with it used as a fucking I/O bus, with up to 60-70 devices on it. With support for manually cranking the handle with clocks if it stops responding because something got stuck with a half-completed byte. And on an STM32F103.<br>But at least there was only one master, it was just polling everything depending on if it had been responding lately.",
            "time": 1687460722,
            "resto": 2632544
        },
        {
            "no": 2636514,
            "now": "06/22/23(Thu)15:31:34",
            "name": "Anonymous",
            "com": "<a href=\"#p2636496\" class=\"quotelink\">&gt;&gt;2636496</a><br><span class=\"quote\">&gt;if it stops responding because something got stuck with a half-completed byte.</span><br>See, that &quot;shouldn&#039;t&quot; happen.",
            "time": 1687462294,
            "resto": 2632544
        },
        {
            "no": 2636521,
            "now": "06/22/23(Thu)15:41:29",
            "name": "Anonymous",
            "com": "<a href=\"#p2636514\" class=\"quotelink\">&gt;&gt;2636514</a><br>If you hit reset at the right instant it can happen easily.",
            "time": 1687462889,
            "resto": 2632544
        },
        {
            "no": 2636598,
            "now": "06/22/23(Thu)17:03:32",
            "name": "Anonymous",
            "com": "<a href=\"#p2636514\" class=\"quotelink\">&gt;&gt;2636514</a><br><span class=\"quote\">&gt;See, that &quot;shouldn&#039;t&quot; happen.</span><br>You simply must abandon this attitude.<br>Software guys dont and that&#039;s why their shit stinks.<br>Embedded have to be better than that. Pull your socks up kid you are letting the team down.",
            "time": 1687467812,
            "resto": 2632544
        },
        {
            "no": 2636599,
            "now": "06/22/23(Thu)17:06:06",
            "name": "Anonymous",
            "com": "<a href=\"#p2636598\" class=\"quotelink\">&gt;&gt;2636598</a><br>Fine, I&#039;ll implement error tolerant bullshit to compensate for unnecessary hardware failures yet again. I sure love working around hardware bugs, or maybe I should go into web devs and raise my pay.",
            "time": 1687467966,
            "resto": 2632544
        },
        {
            "no": 2636670,
            "now": "06/22/23(Thu)19:54:06",
            "name": "Anonymous",
            "com": "I&#039;m trying to clip onto tiny 0.3MM chips for on board testing. I got the tools, but not the magnification. <br><br>Can anyone recommend a solution? Usb microscope?",
            "time": 1687478046,
            "resto": 2632544
        },
        {
            "no": 2636689,
            "now": "06/22/23(Thu)20:18:01",
            "name": "Anonymous",
            "com": "is using a heat gun the best way to massive remove smd components ?",
            "time": 1687479481,
            "resto": 2632544
        },
        {
            "no": 2636717,
            "now": "06/22/23(Thu)21:04:30",
            "name": "Anonymous",
            "com": "<a href=\"#p2636689\" class=\"quotelink\">&gt;&gt;2636689</a><br>Yeah, i successfully reflowed my PS3 chipset with a hardware store heat gun. No issues.<br><br>For bulk removal, when it melts you can just bang the pcb on the bench and they fall off.<br><br>For precision work, i cut a small rectangle in foil.",
            "time": 1687482270,
            "resto": 2632544
        },
        {
            "no": 2636718,
            "now": "06/22/23(Thu)21:07:51",
            "name": "Anonymous",
            "com": "<a href=\"#p2636670\" class=\"quotelink\">&gt;&gt;2636670</a><br>Use what pros have been using for decades. No lag.",
            "filename": "74D8173B-7855-4EDB-AE06-2215C697E573",
            "ext": ".jpg",
            "w": 1246,
            "h": 725,
            "tn_w": 125,
            "tn_h": 72,
            "tim": 1687482471468031,
            "time": 1687482471,
            "md5": "nATIrhcI4zso9NZHxkMu+g==",
            "fsize": 430507,
            "resto": 2632544
        },
        {
            "no": 2636719,
            "now": "06/22/23(Thu)21:11:01",
            "name": "Anonymous",
            "com": "<a href=\"#p2636480\" class=\"quotelink\">&gt;&gt;2636480</a><br><span class=\"quote\">&gt; debug i2c</span><br>Chips with different functional units are connected with a custom bus that would be comparable to using a bunch of gpio, like 8/16. <br>If you have them, use them.",
            "time": 1687482661,
            "resto": 2632544
        },
        {
            "no": 2636763,
            "now": "06/22/23(Thu)23:03:06",
            "name": "Anonymous",
            "com": "<a href=\"#p2636599\" class=\"quotelink\">&gt;&gt;2636599</a><br><span class=\"quote\">&gt;EMI enters the room to fuck your comms up and slave gets stuck</span><br><span class=\"quote\">&gt;this &quot;&quot;&quot;&quot;&quot;&quot;shouldnt&quot;&quot;&quot;&quot;&quot;&quot; happen</span><br>but shit happens. so deal with it. if you cant accept that, youre gonna have to make your own protocol. then show it to us so we can shit all over it because itll inevitably be a pile of trash",
            "time": 1687489386,
            "resto": 2632544
        },
        {
            "no": 2636781,
            "now": "06/22/23(Thu)23:51:57",
            "name": "Anonymous",
            "com": "<a href=\"#p2636718\" class=\"quotelink\">&gt;&gt;2636718</a><br>These chips are super tiny and I have to attach even smaller IC probes to them. Maybe something like this?",
            "filename": "71DZAS2ROiL._AC_SL1500_",
            "ext": ".jpg",
            "w": 1485,
            "h": 1500,
            "tn_w": 123,
            "tn_h": 125,
            "tim": 1687492317612066,
            "time": 1687492317,
            "md5": "gNv6YRFPs0eZR1yxZFBBNg==",
            "fsize": 142187,
            "resto": 2632544
        },
        {
            "no": 2636787,
            "now": "06/23/23(Fri)00:00:02",
            "name": "Anonymous",
            "com": "<a href=\"#p2636781\" class=\"quotelink\">&gt;&gt;2636781</a><br>Full optical stereoscopic is the gold standard, but it is expensive. Especially if you go for a setup with multiple objective lenses. Digital systems can be ok, even a $50 setup has a pretty decent level of zoom, but there&#039;s inherent latency that you don&#039;t get with a fully optical setup.<br><br>Regardless of what you choose, get something that looks real rigid. Even a tiny bump can send your image into a blur when you&#039;re zoomed into a 3mm circle, if it&#039;s mounted onto a shitty gooseneck or a poorly machined chinky guide rod.",
            "time": 1687492802,
            "resto": 2632544
        },
        {
            "no": 2636797,
            "now": "06/23/23(Fri)00:15:43",
            "name": "Anonymous",
            "com": "<a href=\"#p2636787\" class=\"quotelink\">&gt;&gt;2636787</a><br>Work pays for whatever and I have a big budget (not huge, but big enough).",
            "time": 1687493743,
            "resto": 2632544
        },
        {
            "no": 2636833,
            "now": "06/23/23(Fri)01:39:21",
            "name": "Anonymous",
            "com": "<a href=\"#p2636797\" class=\"quotelink\">&gt;&gt;2636797</a><br>Get yourself a nice biology-tier binocular optical microscope then, the ones with the 3-5 objective lenses.",
            "time": 1687498761,
            "resto": 2632544
        },
        {
            "no": 2636835,
            "now": "06/23/23(Fri)01:45:35",
            "name": "Anonymous",
            "com": "<a href=\"#p2636781\" class=\"quotelink\">&gt;&gt;2636781</a><br>It\u2019s hard to make suggestions when we can\u2019t see what you\u2019re dealing with exactly.<br><br>You\u2019ll quickly learn the limitations in height and flexibility with that microscope set-up. And speed. Also very useful with that microscope will be a height adjustable table. Your neck and back will thank you.<br><br>I\u2019m in my 50\u2019s but I can still hit .5mm traces and pads without reading glasses but I\u2019m nearsighted so i just take my glasses off.",
            "time": 1687499135,
            "resto": 2632544
        },
        {
            "no": 2637004,
            "now": "06/23/23(Fri)12:25:10",
            "name": "Anonymous",
            "com": "<a href=\"#p2636496\" class=\"quotelink\">&gt;&gt;2636496</a><br><span class=\"quote\">&gt;STM32F103</span><br>The F103 is one of the first ST arm chips. It has an errata sheet bigger than the Bible and is a pretty buggy chip. <br><br>People don&#039;t recommend it anymore",
            "time": 1687537510,
            "resto": 2632544
        },
        {
            "no": 2637007,
            "now": "06/23/23(Fri)12:30:58",
            "name": "Anonymous",
            "com": "<a href=\"#p2636599\" class=\"quotelink\">&gt;&gt;2636599</a><br>Implement CAN bus then and stop screaming",
            "time": 1687537858,
            "resto": 2632544
        },
        {
            "no": 2637076,
            "now": "06/23/23(Fri)14:43:32",
            "name": "Anonymous",
            "com": "What&#039;s a good place to start learning about this autism? <br><br>I studied CS in school and work on microservices now, but never learned anything hardware related and I want to make nifty toys I can touch and see in my spare time instead of stupid services.",
            "time": 1687545812,
            "resto": 2632544
        },
        {
            "no": 2637115,
            "now": "06/23/23(Fri)16:03:12",
            "name": "Anonymous",
            "com": "<a href=\"#p2637076\" class=\"quotelink\">&gt;&gt;2637076</a><br><span class=\"quote\">&gt;good place to start learning</span><br><br>sorry but this requires innate talent.<br>like with poetry and music, you have to be born with the aptitude.",
            "filename": "circuit_diagram",
            "ext": ".png",
            "w": 740,
            "h": 952,
            "tn_w": 97,
            "tn_h": 125,
            "tim": 1687550592354637,
            "time": 1687550592,
            "md5": "KKT8z9PgshM655YjU4PLzw==",
            "fsize": 136090,
            "resto": 2632544
        },
        {
            "no": 2637124,
            "now": "06/23/23(Fri)16:18:08",
            "name": "Anonymous",
            "com": "<a href=\"#p2637076\" class=\"quotelink\">&gt;&gt;2637076</a><br><span class=\"quote\">&gt; CS</span><br>And they never taught you how computers actually work? That\u2019s all this is. When I took CS, one of the courses was VLSI design and Verilog. I\u2019m guessing it\u2019s a bunch of python or Java nonsense now and everyone is doomed when the likes of me retire. It will become the Pakled race.",
            "time": 1687551488,
            "resto": 2632544
        },
        {
            "no": 2637141,
            "now": "06/23/23(Fri)16:43:54",
            "name": "Anonymous",
            "com": "<a href=\"#p2637124\" class=\"quotelink\">&gt;&gt;2637124</a><br><span class=\"quote\">&gt;Vlsi and verilog</span><br>They are in engineering(computer and electrical ~) now. CS at most gets 1 class on assembly on a software sim.",
            "time": 1687553034,
            "resto": 2632544
        },
        {
            "no": 2637146,
            "now": "06/23/23(Fri)16:48:33",
            "name": "Anonymous",
            "com": "<a href=\"#p2637076\" class=\"quotelink\">&gt;&gt;2637076</a><br>I just went to public library today and suprised that there are mechanic repair book, volumes on fixing electrical is just all that circuit schematic. Michell book.",
            "time": 1687553313,
            "resto": 2632544
        },
        {
            "no": 2637237,
            "now": "06/23/23(Fri)19:13:59",
            "name": "Anonymous",
            "com": "Anybody know of a good USB-C host-controller? I&#039;ve got a project that already manages USb3.2 signalling, but i can&#039;t get the CC line to allow signalling when charging the host above 5V.<br>I&#039;m effectively stuck using USB type A-to-C power adapters, but I&#039;d like to increase the power output to the host, and that requires more on the CC line than just a resistor.<br>I&#039;ve also tried using discrete USB-C PD/QC ic&#039;s but those don&#039;t include CC compensation so the host knows to keep the data lanes open.<br><br>I can&#039;t find a lot of good resources that explain CC coms outside of just negotiating power between source and sink.<br><br><a href=\"#p2635411\" class=\"quotelink\">&gt;&gt;2635411</a><br><span class=\"quote\">&gt;each manufacturer probably throws in their own differences so it would be nice to know exactly what part number this is</span><br>As long as you get the pitch and top/bottom contact plating right, you can use any connector from any manufacturer. I built a &quot;universal&quot; 18-pin zif pad that i use in my PCBs so i can drop in whichever connector i have on hand. the only real difference i&#039;ve seen is the tabs on the sides that can vary in width and depth, but if you make the pads big enough it can accept any configuration.<br><br><a href=\"#p2635823\" class=\"quotelink\">&gt;&gt;2635823</a><br>if you&#039;re buying from LCSC, you&#039;re paying a bit extra per part so the warehouse makes money. the board fabs, especially if they are in the same province, can buy directly from the silicon makers without a middleman, or are able to pump out so many that the margin can be tighter.",
            "time": 1687562039,
            "resto": 2632544
        },
        {
            "no": 2637244,
            "now": "06/23/23(Fri)19:20:02",
            "name": "Anonymous",
            "com": "<a href=\"#p2637237\" class=\"quotelink\">&gt;&gt;2637237</a><br>Wouldn&#039;t it be done by getting a USB-PD PHY and controlling it with a MCU?",
            "time": 1687562402,
            "resto": 2632544
        },
        {
            "no": 2637254,
            "now": "06/23/23(Fri)19:48:32",
            "name": "Anonymous",
            "com": "<a href=\"#p2637244\" class=\"quotelink\">&gt;&gt;2637244</a><br>The hub so far only includes a the USB3 chip (TUSB8020) and downstream current limiters as far as logical IC&#039;s. I was hoping to avoid implementing a programmable MCU for control, since i&#039;ve had issues reliably sourcing and sticking to one model or footprint over the last two years, but i guess things have eased up enough to try again.<br>The dream was to drop in a plug-and-play PD controller that handles source and sink management while keeping data live, as I&#039;ve seen them in off the shelf variants of what i&#039;m trying to build. The symbols on the chip are lasered off, all i can tell is that its SOP<br>8-Lead<br>This is my first venture that touches USB-C PD/QC.",
            "time": 1687564112,
            "resto": 2632544
        },
        {
            "no": 2637308,
            "now": "06/23/23(Fri)21:34:37",
            "name": "Anonymous",
            "com": "<a href=\"#p2637141\" class=\"quotelink\">&gt;&gt;2637141</a><br><span class=\"quote\">&gt;computer science is more about software than software engineering</span><br><span class=\"quote\">&gt;software is more about computers than computer science</span><br>Fun<br><br><a href=\"#p2637254\" class=\"quotelink\">&gt;&gt;2637254</a><br>Have you tried a brute-force search on LCSC for (in stock) ICs that fit your requirements? Might be able to make it faster using octopart (it doesn\u2019t have the chinky chips though) or by filtering via python or whatever.",
            "time": 1687570477,
            "resto": 2632544
        },
        {
            "no": 2637485,
            "now": "06/24/23(Sat)07:25:34",
            "name": "Anonymous",
            "com": "<a href=\"#p2637004\" class=\"quotelink\">&gt;&gt;2637004</a>",
            "filename": "that&#039;s the joke 1664120562670950",
            "ext": ".gif",
            "w": 480,
            "h": 368,
            "tn_w": 125,
            "tn_h": 95,
            "tim": 1687605934476999,
            "time": 1687605934,
            "md5": "tBInKYGkeVGADoWHBFrAag==",
            "fsize": 1496549,
            "resto": 2632544
        },
        {
            "no": 2637559,
            "now": "06/24/23(Sat)10:58:30",
            "name": "Anonymous",
            "com": "<span class=\"quote\">&gt;site x says BJT has faster switching, because no gate capacitance</span><br><span class=\"quote\">&gt;site y says MOSFET has faster switching, because no minor carriers</span><br>What gives, Anon-senpai?",
            "time": 1687618710,
            "resto": 2632544
        },
        {
            "no": 2637600,
            "now": "06/24/23(Sat)12:58:14",
            "name": "Anonymous",
            "com": "<a href=\"#p2637559\" class=\"quotelink\">&gt;&gt;2637559</a><br>It\u2019s more complicated than that.<br>GaAs devices are used in the highest speed applications like satellites.",
            "time": 1687625894,
            "resto": 2632544
        },
        {
            "no": 2638055,
            "now": "06/25/23(Sun)05:53:54",
            "name": "Anonymous",
            "com": "<a href=\"#p2637559\" class=\"quotelink\">&gt;&gt;2637559</a><br>for current mode bjt can be faster <br>for swiching application it is fet<br>for ultra low power it is again fet becouse you can make it smaller",
            "time": 1687686834,
            "resto": 2632544
        },
        {
            "no": 2638991,
            "now": "06/26/23(Mon)21:10:53",
            "name": "Anonymous",
            "com": "I have a robot vac I&#039;d love to get the firmware of. On the board is a Micron eMMC NAND memory chip (datasheet can be found here https://datasheetspdf.com/pdf-file/<wbr>1025549/Micron/MTFC2GMDEA-0M-WT/1).<wbr> I&#039;m use to dumping Serial NOR chips so this is a bit new for me. If I find the data/cmd/clk pins on the board could I hook them up to an arduino/esp and read the contents of the eMMC chip or will there be protections? Any advice from someone who&#039;s done similar would be appreciated.",
            "time": 1687828253,
            "resto": 2632544
        },
        {
            "no": 2639046,
            "now": "06/26/23(Mon)23:21:12",
            "name": "Anonymous",
            "com": "RISC-V or ARM and why?",
            "time": 1687836072,
            "resto": 2632544
        },
        {
            "no": 2639070,
            "now": "06/27/23(Tue)00:22:44",
            "name": "Anonymous",
            "com": "<a href=\"#p2638991\" class=\"quotelink\">&gt;&gt;2638991</a><br>if they were smart theyd encrypt it and use secure boot. but its just chink shit so you should be able to read it off fine",
            "time": 1687839764,
            "resto": 2632544
        },
        {
            "no": 2639085,
            "now": "06/27/23(Tue)00:59:00",
            "name": "Anonymous",
            "com": "Let&#039;s say I hypothetically applied 170V to the ground loop of my raspberry pi circuit and now the boot console is looping some stall errors<br>Any idea what I can do to recover from this?",
            "time": 1687841940,
            "resto": 2632544
        },
        {
            "no": 2639088,
            "now": "06/27/23(Tue)01:02:31",
            "name": "Anonymous",
            "com": "<a href=\"#p2639070\" class=\"quotelink\">&gt;&gt;2639070</a><br>I don&#039;t even know if the processor supports secure boot. The company apparently changed the part number on the chip to obscurify it (https://e2e.ti.com/support/process<wbr>ors-group/processors/f/processors-f<wbr>orum/526033/sni2095260zce-question)<wbr>. They&#039;re real dirtbags and now out of business leaving everyone who bought one of their vacs holding the bag.",
            "time": 1687842151,
            "resto": 2632544
        },
        {
            "no": 2639120,
            "now": "06/27/23(Tue)03:00:58",
            "name": "Anonymous",
            "com": "<a href=\"#p2638991\" class=\"quotelink\">&gt;&gt;2638991</a><br>I&#039;m assuming the microcontroller is using that chip as external program memory, and not as supplemental memory? In which case, there&#039;s a decent chance that the micro has encryption hardware that can run live as it decodes memory.<br><br>The hardware side will be a pain, finding the traces relating to the relevant signals will be nigh impossible since they&#039;re coming out of a BGA and into another BGA. But maybe you can probe using a logic analyser and see proper CMD signals. You can also probably get a good idea of where the traces are coming from with respect to the package and its pinout. Using the implied pinout may also be useful for reverse engineering the MCU. Otherwise, get it x-rayed, or thin-sectioned, or desolder it.<br><br>An ESP should be fast enough, since the command clock speed can be 26MHz, and the sequential read speed is 30MB/s.<br><br>Worst case you design a new board with your own custom firmware. Probably with a cheap SBC or droid phone or whatever in there. That or ditch the smart bullshit and cram the firmware into an RP2040.",
            "time": 1687849258,
            "resto": 2632544
        },
        {
            "no": 2639125,
            "now": "06/27/23(Tue)03:16:35",
            "name": "Anonymous",
            "com": "<a href=\"#p2639120\" class=\"quotelink\">&gt;&gt;2639120</a><br>I&#039;ve found most of the data lines already. Figuring out what they are should be easy after hooking them to a logic analyzer. It&#039;s more a matter of if I should even put the effort into trying to dump and reverse the firmware vs desoldering the processor and wiring the robot&#039;s inputs from the old processor&#039;s pads to an esp32. <br><br>What you say makes a lot of sense. Even if the SoC doesn&#039;t support secure boot it probably has some base loader program with an encryption key that I&#039;ll never be able to get. I was thinking the whole system would be on the eMMC.<br><br>I&#039;d love to be able to make a custom firmware people could just download to fix their bots but I don&#039;t think it&#039;s realistic. <br><br>Thanks.",
            "time": 1687850195,
            "resto": 2632544
        },
        {
            "no": 2639142,
            "now": "06/27/23(Tue)05:00:39",
            "name": "Anonymous",
            "com": "<a href=\"#p2639125\" class=\"quotelink\">&gt;&gt;2639125</a><br><span class=\"quote\">&gt;has some base loader program with an encryption key that I&#039;ll never be able to get</span><br>If it&#039;s an SoC without its own progmem AND without secure boot, then I don&#039;t think there&#039;s any way the flash can be encrypted. Not easily at least. I&#039;d do some research on similar SoCs to what you think is on there (are the other markings on it also fake?) for sure. Trying to get a JTAG or other ICSP header to read the SoC&#039;s part ID would be my short-term goal. With any luck there&#039;s a (unpopulated) header already on the board for debug purposes.<br><br><span class=\"quote\">&gt;desoldering the processor and wiring the robot&#039;s inputs from the old processor&#039;s pads to an esp32</span><br>What are the actual specs you need? With 2GB of storage I imagine it&#039;s doing some sort of high-tech room scanning perception stuff, plus all the internet connectivity. An ESP32 alone might not be enough without some extra memory (and maybe another core or two).<br><br><span class=\"quote\">&gt;I&#039;d love to be able to make a custom firmware people could just download to fix their bots but I don&#039;t think it&#039;s realistic</span><br>See:<br><span class=\"quote\">&gt;https://librervac.org</span><br><span class=\"quote\">&gt;https://github.com/Hypfer/Valetudo<wbr></span><br>If you can get the right SoC for something like this to run on, or some other existing &quot;operating system&quot;, it should be a reasonably simple bodge job. Maybe some extra shit like changing the camera (or the input format), adding some extra code for sensors, or even using an external MCU to change data formats if you can&#039;t do so in software.",
            "time": 1687856439,
            "resto": 2632544
        },
        {
            "no": 2639153,
            "now": "06/27/23(Tue)05:45:43",
            "name": "Anonymous",
            "com": "<a href=\"#p2639085\" class=\"quotelink\">&gt;&gt;2639085</a><br>170v would never get through the optoisolators you put in to prevent such mishaps.<br>Som tailored advice: you\u2019re gonna want to socket them.",
            "time": 1687859143,
            "resto": 2632544
        },
        {
            "no": 2639327,
            "now": "06/27/23(Tue)14:06:45",
            "name": "Anonymous",
            "com": "<a href=\"#p2639142\" class=\"quotelink\">&gt;&gt;2639142</a><br>The picture in <a href=\"#p2639088\" class=\"quotelink\">&gt;&gt;2639088</a> is of the same board as I have. Those are all the markings on it. There&#039;s a JTAG header but I already tried it. It&#039;s software disabled.<br><br><span class=\"quote\">&gt;What are the actual specs you need? With 2GB of storage I imagine it&#039;s doing some sort of high-tech room scanning perception stuff, plus all the internet connectivity. An ESP32 alone might not be enough without some extra memory (and maybe another core or two).</span><br>The 2GB size is a red herring. Based on earlier model&#039;s firmware update files I doubt more than a few megs are used. <br><br>It&#039;s a Neato Botvac. It has LIDAR sensor and does room mapping but none of it is persistent on the bot. All maps are uploaded to Neato&#039;s &quot;cloud&quot; which is failing. The maps themselves are point clouds and probably in the KB range. <br><br>There&#039;s little doubt in my mind that a single core esp8266 would wipe the floor with whatever this 10 year old SoC actually is so an esp32 shouldn&#039;t have an issue. I might need to multiplex some inputs since there&#039;s a lot of them but that&#039;s all simple stuff. If I need more RAM there&#039;s always those SPRAM.",
            "time": 1687889205,
            "resto": 2632544
        },
        {
            "no": 2639760,
            "now": "06/28/23(Wed)12:17:11",
            "name": "Anonymous",
            "com": "<a href=\"#p2637254\" class=\"quotelink\">&gt;&gt;2637254</a><br><a href=\"#p2637308\" class=\"quotelink\">&gt;&gt;2637308</a><br>Following up, I found the USB-C port manager that doesn&#039;t require a discrete MCU: LDR6023<br>Covers up to PD3.0, so I should be able to use any modern charger now",
            "time": 1687969031,
            "resto": 2632544
        },
        {
            "no": 2639938,
            "now": "06/28/23(Wed)17:19:22",
            "name": "Anonymous",
            "com": "I have a routine in my startup asm in one project whose address I\u2019d like to make available in another project so that I can jump to it (use case is bootloader/application and skipping a verification section when executing the bootloader from the application). is that even possible? Seems like something the linker could handle but with them being in separate projects I\u2019m not really sure how to configure that. I\u2019m using stm32 cube ide, which uses gnu build tools.<br>Alternately I\u2019m thinking i could add a long nop ramp after the verification code and just jump to a hardcoded offset from the reset handler.",
            "time": 1687987162,
            "resto": 2632544
        }
    ]
}