post_id,date_time,subject,comment/reply,name,is_op?,url
2632544,"Jun-15-2023, 04:12:57",/mcg/ - Microcontroller General: Snibbedy Snab Edition,"Previous thread:>>2605407

Here we discuss microcontrollers, SBCs and microcontroller accessories, such as Atmel mega and tiny AVRs (Arduinos), PICs, ARM boards such as blue/black pill STM32, ESP8266/32s, RP2040, Raspberry Pi, and others.

For general electronics questions (power supplies, level shifting, motor driving, etc.) please ask /ohm/.

>where can I find verified quality microcontrollers and other electronic sensors or parts
digikey.com
mouser.com
arrow.com
newark.com

>but that's too expensive
aliexpress.com (many parts here are fake, particularly specific parts out of stock in the above sites)
lcsc.com

>I need a part that does X and Y, with Z specifications. How can I find it?
use digikey or mouser's parametric part search. Then purchase from one of the sellers listed above.

>how do I get started with microcontrollers, where should I start?
There is no defined starting point, grab a book and start reading or buy an arduino off ebay/amazon and start messing around. There are a plethora of examples online to get started.

>resources:
https://github.com/kitspace/awesome-electronics",Anonymous,True,http://boards.4chan.org/diy/thread/2632544/mcg-microcontroller-general-snibbedy-snab-edition#p2632544
2632644,"Jun-15-2023, 09:06:39",No Subject,"Yay, this time someone else started the new thread! I was at like 4 in a row.",Anonymous,False,http://boards.4chan.org/diy/thread/2632544/mcg-microcontroller-general-snibbedy-snab-edition#p2632644
2632864,"Jun-15-2023, 17:07:00",No Subject,Is this a viable way to handle multiple buttons with limited external interrupt pins? Is there a more graceful solution that doesn't involve an external chip and some communication protocol?,Anonymous,False,http://boards.4chan.org/diy/thread/2632544/mcg-microcontroller-general-snibbedy-snab-edition#p2632864
2632875,"Jun-15-2023, 17:17:32",No Subject,"(REPLY) >>2632864
This is not viable.
Forget about the interrupt lines and just poll them which is effectively what you have to do to debounce them anyway.",Anonymous,False,http://boards.4chan.org/diy/thread/2632544/mcg-microcontroller-general-snibbedy-snab-edition#p2632875
2632878,"Jun-15-2023, 17:26:17",No Subject,"Are there any devices which continually send an IP packet on ethernet (e.g. can be DHCP, ARP, whatever) as long as they are powered on?
Or is there a way to get a microcontroller for less than $50 that I can program to do that? It can be extremely minimal, as the only necessary functionality is to send that IP packet every second through its only Ethernet port

I need to power up a computer using Wake-on-LAN.",Anonymous,False,http://boards.4chan.org/diy/thread/2632544/mcg-microcontroller-general-snibbedy-snab-edition#p2632878
2632880,"Jun-15-2023, 17:27:47",No Subject,"(REPLY) >>2632875
What if, and hear me out, I don't want to use polling?",Anonymous,False,http://boards.4chan.org/diy/thread/2632544/mcg-microcontroller-general-snibbedy-snab-edition#p2632880
2632881,"Jun-15-2023, 17:31:11",No Subject,"(REPLY) >>2632878
Alright I think I answered my own question, might purchase picrel which apparently supports C programming",Anonymous,False,http://boards.4chan.org/diy/thread/2632544/mcg-microcontroller-general-snibbedy-snab-edition#p2632881
2632884,"Jun-15-2023, 17:35:15",No Subject,"(REPLY) >>2632880
> polling = don’t want
Well, now you’re going to place debouncing circuitry in front of the buttons.
In theory you could debounce with interrupts, but you may get multiple false trigger interrupts and it’s a bit of a mess, code-wise.
You’re always going to be polling to determine which button was pressed to some degree. Some microcontrollers didn’t have interrupts so they just checked for presses in a loop. Your bread maker buttons, for example.
Oh, and you don’t need the transistors either. If you want to keep them, you can use them in your debouncing circuitry with a capacitor and resistor, a simple “sample and hold” type of circuit to amplify the effect of the capacitor.",Anonymous,False,http://boards.4chan.org/diy/thread/2632544/mcg-microcontroller-general-snibbedy-snab-edition#p2632884
2632885,"Jun-15-2023, 17:41:27",No Subject,"(REPLY) >>2632878
I doubt it will wake up on any broadcast packet, it should be addressed to the MAC specifically.

That seems really expensive when you can get a reprogrammable router at goodwill for $5 using DD-WRT or Tomato.",Anonymous,False,http://boards.4chan.org/diy/thread/2632544/mcg-microcontroller-general-snibbedy-snab-edition#p2632885
2632893,"Jun-15-2023, 17:53:31",No Subject,"(REPLY) >>2632885
I configured Wake-on-LAN with ethtool to use the 'phy' option, so any physical activity (i.e. any packet) will wake it up. 
> using DD-WRT or Tomato
DD-WRT looks really interesting, they have an Automatic Wake-on-LAN daemon which seems perfect: https://wiki.dd-wrt.com/wiki/index.php/WOL

I don't think I'll be able to find reprogrammable routers at goodwill though lol",Anonymous,False,http://boards.4chan.org/diy/thread/2632544/mcg-microcontroller-general-snibbedy-snab-edition#p2632893
2632898,"Jun-15-2023, 18:12:03",No Subject,"(REPLY) >>2632884
Unless I'm misunderstand what you're implying, the transistors or some equivalent are necessary to isolate the buttons from each other if the interrupt pins are to be used. I'm fine with hardware debouncing.",Anonymous,False,http://boards.4chan.org/diy/thread/2632544/mcg-microcontroller-general-snibbedy-snab-edition#p2632898
2632910,"Jun-15-2023, 18:30:30",No Subject,"(REPLY) >>2632864
It's a good idea to put a 1K-2K resistor on the base of transistors that you're using like that for digital control. When I looked up the details on that I seem to recall that the problem was transistors will sink a lot more current than necessary through the B-E junction if you let them.
And in that particular setup (ignoring the naive use of interrupts) you could just use diodes instead. Oh yeah, and don't forget a pull-up/down resistor on the CPU input (either external or internal). The input has to swing both ways to work properly.",Anonymous,False,http://boards.4chan.org/diy/thread/2632544/mcg-microcontroller-general-snibbedy-snab-edition#p2632910
2632924,"Jun-15-2023, 18:53:56",No Subject,"(REPLY) >>2632898
For hardware debouncing, I think you're best off using schmitt inverters/buffers, like the 74HC14. Unless whatever multiplexing IC or MCU you're using already has schmitt inputs.",Anonymous,False,http://boards.4chan.org/diy/thread/2632544/mcg-microcontroller-general-snibbedy-snab-edition#p2632924
2633018,"Jun-15-2023, 22:45:55",No Subject,"(REPLY) >>2632864
most retarded thing ive ever seen for button multiplexing...and button input in general",Anonymous,False,http://boards.4chan.org/diy/thread/2632544/mcg-microcontroller-general-snibbedy-snab-edition#p2633018
2633033,"Jun-15-2023, 23:26:17",No Subject,What are the most common jobs that will allow me to look at and touch PCBs regularly?,Anonymous,False,http://boards.4chan.org/diy/thread/2632544/mcg-microcontroller-general-snibbedy-snab-edition#p2633033
2633043,"Jun-15-2023, 23:52:58",No Subject,"(REPLY) >>2632864
In addition to connecting each button to its (non interrupt) pin, connect all buttons together via diodes and connect that to interrupt pin (so OR them). When interrupt happens, check all buttons individually",Anonymous,False,http://boards.4chan.org/diy/thread/2632544/mcg-microcontroller-general-snibbedy-snab-edition#p2633043
2633044,"Jun-15-2023, 23:53:03",No Subject,"(REPLY) >>2633033
Foxconn employee",Anonymous,False,http://boards.4chan.org/diy/thread/2632544/mcg-microcontroller-general-snibbedy-snab-edition#p2633044
2633049,"Jun-16-2023, 00:12:12",No Subject,"(REPLY) >>2633033
A pajeer boy salvaging thrash for electronics",Anonymous,False,http://boards.4chan.org/diy/thread/2632544/mcg-microcontroller-general-snibbedy-snab-edition#p2633049
2633063,"Jun-16-2023, 02:13:44",No Subject,"(REPLY) >>2633044
>>2633049
i mean in the US and pays at least $50k/yr",Anonymous,False,http://boards.4chan.org/diy/thread/2632544/mcg-microcontroller-general-snibbedy-snab-edition#p2633063
2633067,"Jun-16-2023, 02:25:35",No Subject,"(REPLY) >>2633033
any business that does their own electronics design",Anonymous,False,http://boards.4chan.org/diy/thread/2632544/mcg-microcontroller-general-snibbedy-snab-edition#p2633067
2633110,"Jun-16-2023, 05:28:56",No Subject,"(REPLY) >>2633033
audiophile equipment technician",Anonymous,False,http://boards.4chan.org/diy/thread/2632544/mcg-microcontroller-general-snibbedy-snab-edition#p2633110
2633124,"Jun-16-2023, 05:59:21",No Subject,"Don't know where to put this, but i have two wall mounted speakers with a 12V supply in hand, is there a board i can get with bluetooth to make these speakers smart? Obvisously it needs to have enough power to drive them.",Anonymous,False,http://boards.4chan.org/diy/thread/2632544/mcg-microcontroller-general-snibbedy-snab-edition#p2633124
2633125,"Jun-16-2023, 06:02:52",No Subject,"(REPLY) >>2633124
More of a /ohm/ question, but I'd separate that into two different boards. One decent quality class-D amplifier board, and one bluetooth receiver board. That way you can better choose a quality bluetooth receiver, using BT5.1 or whatever, and choose a good amplifier too. Even go for a TWS setup like DIY Perks did in a recent video, for stereo without connecting wires.",Anonymous,False,http://boards.4chan.org/diy/thread/2632544/mcg-microcontroller-general-snibbedy-snab-edition#p2633125
2633131,"Jun-16-2023, 06:11:42",No Subject,"(REPLY) >>2633125
Is aliexpress decent to get those? I was eyeing some there, but don't know if it's a good ideia to get audio stuff there.",Anonymous,False,http://boards.4chan.org/diy/thread/2632544/mcg-microcontroller-general-snibbedy-snab-edition#p2633131
2633370,"Jun-16-2023, 15:46:11",No Subject,"(REPLY) >>2633131
If you know what you're buying, probably. In particular, pay attention to what chips they're using. Both bluetooth and class-D amplifiers usually just use a single main chip, so you can look up the specs of that one chip, and also look up its price to see if it's likely to be a fake of a $5 chip in your $3 board. Filterless class-D is ok, but personally I'd want to go for class-D that uses LC output filters. Those should be easy to spot by the inductors.",Anonymous,False,http://boards.4chan.org/diy/thread/2632544/mcg-microcontroller-general-snibbedy-snab-edition#p2633370
2633379,"Jun-16-2023, 16:17:27",No Subject,"(REPLY) >>2632878
you can use a raspi or similar and just script it to run ether-wake
https://www.linux.org/docs/man8/ether-wake.html",Anonymous,False,http://boards.4chan.org/diy/thread/2632544/mcg-microcontroller-general-snibbedy-snab-edition#p2633379
2633389,"Jun-16-2023, 16:32:34",No Subject,"(REPLY) >>2633370
How do they make a filterless Class D amplifier?
The only think I can think of is that they have/need/use special speakers where the inductor coil is also the voice coil… or something along those lines",Anonymous,False,http://boards.4chan.org/diy/thread/2632544/mcg-microcontroller-general-snibbedy-snab-edition#p2633389
2633958,"Jun-17-2023, 17:20:32",No Subject,"(REPLY) >>2633389
If you PWM an inductor using a half-bridge or H-bridge, there will be barely any current ripple if you pick a high enough frequency. The voltage ripple will be massive, but inductors obey the law V= L*dI/dt. For a square wave voltage waveform you'll get a triangle wave current waveform, and if your frequency is really high, the ∆t will be really low. You get ∆I = V/L*∆t = V/(L*2f), which you want to be below the 0dB current for your given speaker driver. Because the force of the speaker driver is directly proportional to magnetic field strength, which is proportional to current.

So yeah, the inductor kinda is the voice coil. But there's no capacitor, so ultimately you're missing out on like 20dB/decade of ripple rejection, if not more.",Anonymous,False,http://boards.4chan.org/diy/thread/2632544/mcg-microcontroller-general-snibbedy-snab-edition#p2633958
2634577,"Jun-18-2023, 19:42:37",No Subject,Can I code an MCU in python to stimulate my prostate?,Anonymous,False,http://boards.4chan.org/diy/thread/2632544/mcg-microcontroller-general-snibbedy-snab-edition#p2634577
2634686,"Jun-19-2023, 01:52:19",No Subject,"(REPLY) >>2634577
Only if you use somewhat a modern microcontroller. If putting python code onto older microcontrollers, you may have a hard time getting it to fit.",Anonymous,False,http://boards.4chan.org/diy/thread/2632544/mcg-microcontroller-general-snibbedy-snab-edition#p2634686
2634766,"Jun-19-2023, 08:03:10",No Subject,"(REPLY) >>2634577
>code an MCU in python
>stimulate my prostate?
Which of those is more degenerate?",Anonymous,False,http://boards.4chan.org/diy/thread/2632544/mcg-microcontroller-general-snibbedy-snab-edition#p2634766
2634811,"Jun-19-2023, 09:22:57",No Subject,"(REPLY) >>2634766
coding it in Rust would be more degenerate",Anonymous,False,http://boards.4chan.org/diy/thread/2632544/mcg-microcontroller-general-snibbedy-snab-edition#p2634811
2635056,"Jun-19-2023, 19:26:09",No Subject,What's the best way to pull a chip from a PCB? I'm trying to recycle some microcontrollers from hacker badges I've gained from over the years.,Anonymous,False,http://boards.4chan.org/diy/thread/2632544/mcg-microcontroller-general-snibbedy-snab-edition#p2635056
2635087,"Jun-19-2023, 20:38:12",No Subject,"(REPLY) >>2635056
>pull a chip from a PCB?

watch some Louis Rossman repair videos
- add flux
- optionally add new solder
- heat with paint strip gun
- shove chip off when it comes loose
if no heat gun, and the PCB is expendable, you can use a toaster oven, or even an old frying pan",Anonymous,False,http://boards.4chan.org/diy/thread/2632544/mcg-microcontroller-general-snibbedy-snab-edition#p2635087
2635093,"Jun-19-2023, 20:51:48",No Subject,"(REPLY) >>2635056
- desoldering tool (soldering iron with hollow tip and air pump), the hakko one is commonly used
- adding flux
- adding leaded solder to dilute lead-free solder
- double-sided boards are much easier than multi-layer
- heat gun, and even tools clipping to the part you want so it can fall through when melted
there's lots of ways, but the main one is lots of practice, especially when there's a chip you want",Anonymous,False,http://boards.4chan.org/diy/thread/2632544/mcg-microcontroller-general-snibbedy-snab-edition#p2635093
2635198,"Jun-20-2023, 00:44:59",No Subject,"(REPLY) >>2635056
If it's SMD, then hot air is probably the way to go. That said, SMD desoldering shims might exist.",Anonymous,False,http://boards.4chan.org/diy/thread/2632544/mcg-microcontroller-general-snibbedy-snab-edition#p2635198
2635411,"Jun-20-2023, 13:18:24",No Subject,"How do you identify this ribbon connector? It's 14 pin, it goes to a keypad. i want to drag-and-drop it in KiCad. i guess pin pitch and stuff but is there a name for this brow 'style' of a flush connector? Because even if you get the pin number and pitch right, each manufacturer probably throws in their own differences so it would be nice to know exactly what part number this is. It's a machine from 2004",Anonymous,False,http://boards.4chan.org/diy/thread/2632544/mcg-microcontroller-general-snibbedy-snab-edition#p2635411
2635484,"Jun-20-2023, 15:12:37",No Subject,"(REPLY) >>2635411
ask /ohm/",Anonymous,False,http://boards.4chan.org/diy/thread/2632544/mcg-microcontroller-general-snibbedy-snab-edition#p2635484
2635508,"Jun-20-2023, 16:28:32",No Subject,"(REPLY) >>2635087
>- heat with paint strip gun
*BZZZZZZZT RETARD ALERT*
The hot air station Louis uses uses VERY small streams of heat to soften solder. An off the shelf hot air gun use for paint stripping will wipe half the board off in minutes. Literally blow every component off it.",Anonymous,False,http://boards.4chan.org/diy/thread/2632544/mcg-microcontroller-general-snibbedy-snab-edition#p2635508
2635565,"Jun-20-2023, 18:22:40",No Subject,"(REPLY) >>2635508
>Literally blow every component off it.

dude just wants the chips, the rest is junk.
if the dude already owned a rework station, he wouldnt be asking such noob questions.
if the dude had money for a rework station, he wouldnt be scrounging chips.
but everybody has family/friends, one of which owns a heat gun.",Anonymous,False,http://boards.4chan.org/diy/thread/2632544/mcg-microcontroller-general-snibbedy-snab-edition#p2635565
2635625,"Jun-20-2023, 19:56:18",No Subject,"(REPLY) >>2635508
Hot air station is for repairs. Heat gun works fine for just getting chips. It's even better because it can heat a larger area since you don't give a fuck about collateral damage. Whoops there go some tiny little resistors, big fucking deal.",Anonymous,False,http://boards.4chan.org/diy/thread/2632544/mcg-microcontroller-general-snibbedy-snab-edition#p2635625
2635724,"Jun-20-2023, 23:46:20",No Subject,"I'm new to electronic work like this and it will probably show.
I have one of these little fans from Canakit for RPis. They suggest the 5V pin to power it on, but it can use the 3.3v pin if desired. So I was wondering if I would be able to connect the fan to a breadboard and plug the red wire in via a transistor to one of the GPIO pins, I got one of those extension shields, and be able to turn the fan on and off via python programming. Sort of like a basic LED. I would think it should work, but sometimes I'm surprised since I know so little right now. I thought I heard the GPIO ports use 3.3v but maybe I read wrong.",Anonymous,False,http://boards.4chan.org/diy/thread/2632544/mcg-microcontroller-general-snibbedy-snab-edition#p2635724
2635733,"Jun-21-2023, 00:16:05",No Subject,"(REPLY) >>2635724
Yeah should be fine. Look up ""transistor fan circuit"" if you get stuck. Raspi GPIO does use 3.3V, but you can easily use a 3.3V signal to control 5V power going to your fan.

You could even use the temperature sensor inside the raspi (I assume there is one) to feed a PID loop in software (nice python project) to PWM the fan. Not sure if you need a freewheel diode with one of those brushless fans, I'd include one for safety's sake.",Anonymous,False,http://boards.4chan.org/diy/thread/2632544/mcg-microcontroller-general-snibbedy-snab-edition#p2635733
2635761,"Jun-21-2023, 01:45:59",No Subject,"I got a kit from a company from Freenove off Amazon, and been using it to play around with an RPi.
I have the RGB led hooked up based on their tutorial. For some reason when it comes to controlling an RGBLED with the GPIO library, not gpiozero, the duty cycles seem backwards. For example I have to set pwmGreen and pwmBlue to 100 and pwmRed to 0 to make only red light up. I thought I'd set pwmRed to 100, and the other two to 0 to make it where only red is active.
When using gpiozero it works as intended though.

Any idea what's going on? Or is it suppose to work like this?",Anonymous,False,http://boards.4chan.org/diy/thread/2632544/mcg-microcontroller-general-snibbedy-snab-edition#p2635761
2635769,"Jun-21-2023, 02:16:41",No Subject,"(REPLY) >>2635761
Might be the software thinking it's using common-collector RGB LEDs when you're actually using common-emitter RGB LEDs? See if there's a setting for that, or otherwise inverting the output.",Anonymous,False,http://boards.4chan.org/diy/thread/2632544/mcg-microcontroller-general-snibbedy-snab-edition#p2635769
2635823,"Jun-21-2023, 07:15:43",No Subject,">ad9833 complete module on aliexpress: $3
>ad9833 bare IC on lcsc: $5

are these literally fake chips?",Anonymous,False,http://boards.4chan.org/diy/thread/2632544/mcg-microcontroller-general-snibbedy-snab-edition#p2635823
2635827,"Jun-21-2023, 07:24:28",No Subject,"(REPLY) >>2635823
could be ""midnight runs"", could be surplus, could be rejects, and the trouble of ensuring that your source is legit is also a cost",Anonymous,False,http://boards.4chan.org/diy/thread/2632544/mcg-microcontroller-general-snibbedy-snab-edition#p2635827
2635838,"Jun-21-2023, 08:04:03",No Subject,"Give me a communication protocol that has
>minimal number of pins
>lowest complexity
>bi-directional master/slave setup
>flow control in both directions, any side can pause transfer
>can be bit-banged on master and slave",Anonymous,False,http://boards.4chan.org/diy/thread/2632544/mcg-microcontroller-general-snibbedy-snab-edition#p2635838
2635898,"Jun-21-2023, 11:06:56",No Subject,"(REPLY) >>2635838
UART",Anonymous,False,http://boards.4chan.org/diy/thread/2632544/mcg-microcontroller-general-snibbedy-snab-edition#p2635898
2635912,"Jun-21-2023, 11:30:10",No Subject,"(REPLY) >>2635898
No flow control, unless you use awful legacy extra pins which nobody supports out of the box. No bit-banging, although you almost always have hardware UART peripherals.",Anonymous,False,http://boards.4chan.org/diy/thread/2632544/mcg-microcontroller-general-snibbedy-snab-edition#p2635912
2635919,"Jun-21-2023, 11:38:51",No Subject,"(REPLY) >>2635838
10mbit ethernet",Anonymous,False,http://boards.4chan.org/diy/thread/2632544/mcg-microcontroller-general-snibbedy-snab-edition#p2635919
2635925,"Jun-21-2023, 11:51:25",No Subject,"(REPLY) >>2635919
Not bad, but still too complex.",Anonymous,False,http://boards.4chan.org/diy/thread/2632544/mcg-microcontroller-general-snibbedy-snab-edition#p2635925
2635929,"Jun-21-2023, 11:56:31",No Subject,"(REPLY) >>2635925
If you don't like i2c, uart, or ethernet you're really on the way to making your own shit",Anonymous,False,http://boards.4chan.org/diy/thread/2632544/mcg-microcontroller-general-snibbedy-snab-edition#p2635929
2635930,"Jun-21-2023, 11:59:22",No Subject,"(REPLY) >>2635838
Zmodem
> pause transfer
So I can zap warez",Anonymous,False,http://boards.4chan.org/diy/thread/2632544/mcg-microcontroller-general-snibbedy-snab-edition#p2635930
2635934,"Jun-21-2023, 12:05:31",No Subject,"(REPLY) >>2635929
>i2c
This needs only 2 pins, you can even connect multiple slaves, but it's too complex and you can't bit-bang the slave.

>>2635930
That's basically a protocol on top of UART. I'm sick of using UART for things that aren't logging.",Anonymous,False,http://boards.4chan.org/diy/thread/2632544/mcg-microcontroller-general-snibbedy-snab-edition#p2635934
2635937,"Jun-21-2023, 12:08:17",No Subject,"(REPLY) >>2635934
ground is a pin too, I2C needs three pins",Anonymous,False,http://boards.4chan.org/diy/thread/2632544/mcg-microcontroller-general-snibbedy-snab-edition#p2635937
2635940,"Jun-21-2023, 12:11:43",No Subject,"(REPLY) >>2635937
Sure, with vcc and gnd it's 4 pins. I'm interested in use on-PCB, so vcc and gnd are for free. Pins for actual signals not so much. At least I2C master is easy to bit-bang on a CPU with GPIOs, but you can't do that on the slave.",Anonymous,False,http://boards.4chan.org/diy/thread/2632544/mcg-microcontroller-general-snibbedy-snab-edition#p2635940
2635943,"Jun-21-2023, 12:13:48",No Subject,"(REPLY) >>2635934
Why don’t you tell us what you’re trying to do?
How much data are you sending across?
What’s the error-rate tolerance?
What distance does it have to travel over?
Does the source/destination share a common ground plane? Clock?

If you can use D/A and A/D converters with a shared ground you can basically send 8-bit bytes by setting the D/A value on one and picking it up on the other side using one wire if they share a common ground.",Anonymous,False,http://boards.4chan.org/diy/thread/2632544/mcg-microcontroller-general-snibbedy-snab-edition#p2635943
2635949,"Jun-21-2023, 12:16:24",No Subject,"(REPLY) >>2635940
You don't need to share vcc between I2C devices, just keep the same reference from ground. Electronics 101.",Anonymous,False,http://boards.4chan.org/diy/thread/2632544/mcg-microcontroller-general-snibbedy-snab-edition#p2635949
2635966,"Jun-21-2023, 12:30:45",No Subject,"(REPLY) >>2635943
>Why don’t you tell us what you’re trying to do?
Something unspecific like having to communicate between two MCUs located on the same PCB.
>How much data are you sending across?
Maybe in the order of dozens of KBs per second, like a fast UART.
>What’s the error-rate tolerance?
Low, preferably low enough that it doesn't need any error correction or retry handling in software on top of it.
>What distance does it have to travel over?
Same PCB, so not much, but it shouldn't need any high speed communication lines the PCB guy would complain about.
>Does the source/destination share a common ground plane? Clock?
Yes, no.

I've used UART and I2C for this purpose before. Didn't like it.",Anonymous,False,http://boards.4chan.org/diy/thread/2632544/mcg-microcontroller-general-snibbedy-snab-edition#p2635966
2636060,"Jun-21-2023, 16:43:43",No Subject,"(REPLY) >>2632880
I believe it is a bad idea to attach anything bouncy to EXTI lines. EXTI is usually for digital signals with proper edges and no bouncing. For example, decoding PWM. 
For buttons, stick to polling and software debouncing. It is simple and it works well. Why reinvent the wheel.",Anonymous,False,http://boards.4chan.org/diy/thread/2632544/mcg-microcontroller-general-snibbedy-snab-edition#p2636060
2636066,"Jun-21-2023, 17:22:21",No Subject,"(REPLY) >>2635838
>>2635966
>bit-banged
>between two MCUs located on the same PCB
Why does it have to be able to be bit-banged? If you use I2C, even a cheap shitty MCU (e.g. ATtiny25) can act as either a master or a slave via its internal dedicated hardware. You can clock-stretch on the slave to pause the data transfer. How is I2C not perfect for this?

Also standards that use pull-up resistors like one-wire can also probably be modified to pause transfer when the receiver tries to let the line float high but detects it's still pulled low. Assuming it doesn't already do that.",Anonymous,False,http://boards.4chan.org/diy/thread/2632544/mcg-microcontroller-general-snibbedy-snab-edition#p2636066
2636181,"Jun-21-2023, 22:17:58",No Subject,"(REPLY) >>2635966
>be retard
>ask for help
>get given numerous possible solutions for x problem
>nah i dont want to use it because i dont like it
no one gives a fuck what you like. since you specified pin count as a problem, your choices are: uart, or i2c. both can he bit banged, both can be paused since youre bit banging, both can go at 100kB/s or more. take it or fucking leave it. if you dont like it, the fuck off",Anonymous,False,http://boards.4chan.org/diy/thread/2632544/mcg-microcontroller-general-snibbedy-snab-edition#p2636181
2636218,"Jun-22-2023, 00:17:17",No Subject,"(REPLY) >>2635733
Finally found something that got what I wanted to working. Thanks!",Anonymous,False,http://boards.4chan.org/diy/thread/2632544/mcg-microcontroller-general-snibbedy-snab-edition#p2636218
2636237,"Jun-22-2023, 01:20:48",No Subject,"Is low-side switching of MCUs a bad idea? I have a circuit where an MCU shuts itself down by pulling a GPIO down which turns off a transistor, disconnecting the circuit from the negative battery terminal. This simplifies the circuit vs. disconnecting VCC, but are there any side effects to doing it on the low side?",Anonymous,False,http://boards.4chan.org/diy/thread/2632544/mcg-microcontroller-general-snibbedy-snab-edition#p2636237
2636276,"Jun-22-2023, 03:31:01",No Subject,"(REPLY) >>2636237
It's fine, but only if you ensure ground-coupled inputs and outputs are also fully shut off. Well if there's enough impedance you can rely on the protection diodes, but that's probably not brilliant for your quiescent current.",Anonymous,False,http://boards.4chan.org/diy/thread/2632544/mcg-microcontroller-general-snibbedy-snab-edition#p2636276
2636480,"Jun-22-2023, 13:52:59",No Subject,"(REPLY) >>2636066
Have you ever debugged I2C? It's awful. Peripherals for I2C tend to be quite complicated too. I've dealt with some.
>Why does it have to be able to be bit-banged?
It doesn't have to be. But first, it proves that anything can implement it, without running into timing problems. Second, it's often easier to debug than using hardware I2C.
>You can clock-stretch on the slave to pause the data transfer. 
Can you clock-stretch the addressing phase?

There must be a better solution, like morse code over GPIO. Morse code is a joke, but you could invent an I2C or SPI like protocol that has both master and slave flow control, and isn't as complicated as I2C.

>>2636181
Why so aggressive? I know how to use these things. Why can't we post about possible alternatives?",Anonymous,False,http://boards.4chan.org/diy/thread/2632544/mcg-microcontroller-general-snibbedy-snab-edition#p2636480
2636496,"Jun-22-2023, 14:05:22",No Subject,"(REPLY) >>2636480
>Have you ever debugged I2C?
I've dealt with it used as a fucking I/O bus, with up to 60-70 devices on it. With support for manually cranking the handle with clocks if it stops responding because something got stuck with a half-completed byte. And on an STM32F103.
But at least there was only one master, it was just polling everything depending on if it had been responding lately.",Anonymous,False,http://boards.4chan.org/diy/thread/2632544/mcg-microcontroller-general-snibbedy-snab-edition#p2636496
2636514,"Jun-22-2023, 14:31:34",No Subject,"(REPLY) >>2636496
>if it stops responding because something got stuck with a half-completed byte.
See, that ""shouldn't"" happen.",Anonymous,False,http://boards.4chan.org/diy/thread/2632544/mcg-microcontroller-general-snibbedy-snab-edition#p2636514
2636521,"Jun-22-2023, 14:41:29",No Subject,"(REPLY) >>2636514
If you hit reset at the right instant it can happen easily.",Anonymous,False,http://boards.4chan.org/diy/thread/2632544/mcg-microcontroller-general-snibbedy-snab-edition#p2636521
2636598,"Jun-22-2023, 16:03:32",No Subject,"(REPLY) >>2636514
>See, that ""shouldn't"" happen.
You simply must abandon this attitude.
Software guys dont and that's why their shit stinks.
Embedded have to be better than that. Pull your socks up kid you are letting the team down.",Anonymous,False,http://boards.4chan.org/diy/thread/2632544/mcg-microcontroller-general-snibbedy-snab-edition#p2636598
2636599,"Jun-22-2023, 16:06:06",No Subject,"(REPLY) >>2636598
Fine, I'll implement error tolerant bullshit to compensate for unnecessary hardware failures yet again. I sure love working around hardware bugs, or maybe I should go into web devs and raise my pay.",Anonymous,False,http://boards.4chan.org/diy/thread/2632544/mcg-microcontroller-general-snibbedy-snab-edition#p2636599
2636670,"Jun-22-2023, 18:54:06",No Subject,"I'm trying to clip onto tiny 0.3MM chips for on board testing. I got the tools, but not the magnification. 

Can anyone recommend a solution? Usb microscope?",Anonymous,False,http://boards.4chan.org/diy/thread/2632544/mcg-microcontroller-general-snibbedy-snab-edition#p2636670
2636689,"Jun-22-2023, 19:18:01",No Subject,is using a heat gun the best way to massive remove smd components ?,Anonymous,False,http://boards.4chan.org/diy/thread/2632544/mcg-microcontroller-general-snibbedy-snab-edition#p2636689
2636717,"Jun-22-2023, 20:04:30",No Subject,"(REPLY) >>2636689
Yeah, i successfully reflowed my PS3 chipset with a hardware store heat gun. No issues.

For bulk removal, when it melts you can just bang the pcb on the bench and they fall off.

For precision work, i cut a small rectangle in foil.",Anonymous,False,http://boards.4chan.org/diy/thread/2632544/mcg-microcontroller-general-snibbedy-snab-edition#p2636717
2636718,"Jun-22-2023, 20:07:51",No Subject,"(REPLY) >>2636670
Use what pros have been using for decades. No lag.",Anonymous,False,http://boards.4chan.org/diy/thread/2632544/mcg-microcontroller-general-snibbedy-snab-edition#p2636718
2636719,"Jun-22-2023, 20:11:01",No Subject,"(REPLY) >>2636480
> debug i2c
Chips with different functional units are connected with a custom bus that would be comparable to using a bunch of gpio, like 8/16. 
If you have them, use them.",Anonymous,False,http://boards.4chan.org/diy/thread/2632544/mcg-microcontroller-general-snibbedy-snab-edition#p2636719
2636763,"Jun-22-2023, 22:03:06",No Subject,"(REPLY) >>2636599
>EMI enters the room to fuck your comms up and slave gets stuck
>this """"""""""""shouldnt"""""""""""" happen
but shit happens. so deal with it. if you cant accept that, youre gonna have to make your own protocol. then show it to us so we can shit all over it because itll inevitably be a pile of trash",Anonymous,False,http://boards.4chan.org/diy/thread/2632544/mcg-microcontroller-general-snibbedy-snab-edition#p2636763
2636781,"Jun-22-2023, 22:51:57",No Subject,"(REPLY) >>2636718
These chips are super tiny and I have to attach even smaller IC probes to them. Maybe something like this?",Anonymous,False,http://boards.4chan.org/diy/thread/2632544/mcg-microcontroller-general-snibbedy-snab-edition#p2636781
2636787,"Jun-22-2023, 23:00:02",No Subject,"(REPLY) >>2636781
Full optical stereoscopic is the gold standard, but it is expensive. Especially if you go for a setup with multiple objective lenses. Digital systems can be ok, even a $50 setup has a pretty decent level of zoom, but there's inherent latency that you don't get with a fully optical setup.

Regardless of what you choose, get something that looks real rigid. Even a tiny bump can send your image into a blur when you're zoomed into a 3mm circle, if it's mounted onto a shitty gooseneck or a poorly machined chinky guide rod.",Anonymous,False,http://boards.4chan.org/diy/thread/2632544/mcg-microcontroller-general-snibbedy-snab-edition#p2636787
2636797,"Jun-22-2023, 23:15:43",No Subject,"(REPLY) >>2636787
Work pays for whatever and I have a big budget (not huge, but big enough).",Anonymous,False,http://boards.4chan.org/diy/thread/2632544/mcg-microcontroller-general-snibbedy-snab-edition#p2636797
2636833,"Jun-23-2023, 00:39:21",No Subject,"(REPLY) >>2636797
Get yourself a nice biology-tier binocular optical microscope then, the ones with the 3-5 objective lenses.",Anonymous,False,http://boards.4chan.org/diy/thread/2632544/mcg-microcontroller-general-snibbedy-snab-edition#p2636833
2636835,"Jun-23-2023, 00:45:35",No Subject,"(REPLY) >>2636781
It’s hard to make suggestions when we can’t see what you’re dealing with exactly.

You’ll quickly learn the limitations in height and flexibility with that microscope set-up. And speed. Also very useful with that microscope will be a height adjustable table. Your neck and back will thank you.

I’m in my 50’s but I can still hit .5mm traces and pads without reading glasses but I’m nearsighted so i just take my glasses off.",Anonymous,False,http://boards.4chan.org/diy/thread/2632544/mcg-microcontroller-general-snibbedy-snab-edition#p2636835
2637004,"Jun-23-2023, 11:25:10",No Subject,"(REPLY) >>2636496
>STM32F103
The F103 is one of the first ST arm chips. It has an errata sheet bigger than the Bible and is a pretty buggy chip. 

People don't recommend it anymore",Anonymous,False,http://boards.4chan.org/diy/thread/2632544/mcg-microcontroller-general-snibbedy-snab-edition#p2637004
2637007,"Jun-23-2023, 11:30:58",No Subject,"(REPLY) >>2636599
Implement CAN bus then and stop screaming",Anonymous,False,http://boards.4chan.org/diy/thread/2632544/mcg-microcontroller-general-snibbedy-snab-edition#p2637007
2637076,"Jun-23-2023, 13:43:32",No Subject,"What's a good place to start learning about this autism? 

I studied CS in school and work on microservices now, but never learned anything hardware related and I want to make nifty toys I can touch and see in my spare time instead of stupid services.",Anonymous,False,http://boards.4chan.org/diy/thread/2632544/mcg-microcontroller-general-snibbedy-snab-edition#p2637076
2637115,"Jun-23-2023, 15:03:12",No Subject,"(REPLY) >>2637076
>good place to start learning

sorry but this requires innate talent.
like with poetry and music, you have to be born with the aptitude.",Anonymous,False,http://boards.4chan.org/diy/thread/2632544/mcg-microcontroller-general-snibbedy-snab-edition#p2637115
2637124,"Jun-23-2023, 15:18:08",No Subject,"(REPLY) >>2637076
> CS
And they never taught you how computers actually work? That’s all this is. When I took CS, one of the courses was VLSI design and Verilog. I’m guessing it’s a bunch of python or Java nonsense now and everyone is doomed when the likes of me retire. It will become the Pakled race.",Anonymous,False,http://boards.4chan.org/diy/thread/2632544/mcg-microcontroller-general-snibbedy-snab-edition#p2637124
2637141,"Jun-23-2023, 15:43:54",No Subject,"(REPLY) >>2637124
>Vlsi and verilog
They are in engineering(computer and electrical ~) now. CS at most gets 1 class on assembly on a software sim.",Anonymous,False,http://boards.4chan.org/diy/thread/2632544/mcg-microcontroller-general-snibbedy-snab-edition#p2637141
2637146,"Jun-23-2023, 15:48:33",No Subject,"(REPLY) >>2637076
I just went to public library today and suprised that there are mechanic repair book, volumes on fixing electrical is just all that circuit schematic. Michell book.",Anonymous,False,http://boards.4chan.org/diy/thread/2632544/mcg-microcontroller-general-snibbedy-snab-edition#p2637146
2637237,"Jun-23-2023, 18:13:59",No Subject,"(REPLY) Anybody know of a good USB-C host-controller? I've got a project that already manages USb3.2 signalling, but i can't get the CC line to allow signalling when charging the host above 5V.
I'm effectively stuck using USB type A-to-C power adapters, but I'd like to increase the power output to the host, and that requires more on the CC line than just a resistor.
I've also tried using discrete USB-C PD/QC ic's but those don't include CC compensation so the host knows to keep the data lanes open.

I can't find a lot of good resources that explain CC coms outside of just negotiating power between source and sink.

>>2635411
>each manufacturer probably throws in their own differences so it would be nice to know exactly what part number this is
As long as you get the pitch and top/bottom contact plating right, you can use any connector from any manufacturer. I built a ""universal"" 18-pin zif pad that i use in my PCBs so i can drop in whichever connector i have on hand. the only real difference i've seen is the tabs on the sides that can vary in width and depth, but if you make the pads big enough it can accept any configuration.

>>2635823
if you're buying from LCSC, you're paying a bit extra per part so the warehouse makes money. the board fabs, especially if they are in the same province, can buy directly from the silicon makers without a middleman, or are able to pump out so many that the margin can be tighter.",Anonymous,False,http://boards.4chan.org/diy/thread/2632544/mcg-microcontroller-general-snibbedy-snab-edition#p2637237
2637244,"Jun-23-2023, 18:20:02",No Subject,"(REPLY) >>2637237
Wouldn't it be done by getting a USB-PD PHY and controlling it with a MCU?",Anonymous,False,http://boards.4chan.org/diy/thread/2632544/mcg-microcontroller-general-snibbedy-snab-edition#p2637244
2637254,"Jun-23-2023, 18:48:32",No Subject,"(REPLY) >>2637244
The hub so far only includes a the USB3 chip (TUSB8020) and downstream current limiters as far as logical IC's. I was hoping to avoid implementing a programmable MCU for control, since i've had issues reliably sourcing and sticking to one model or footprint over the last two years, but i guess things have eased up enough to try again.
The dream was to drop in a plug-and-play PD controller that handles source and sink management while keeping data live, as I've seen them in off the shelf variants of what i'm trying to build. The symbols on the chip are lasered off, all i can tell is that its SOP
8-Lead
This is my first venture that touches USB-C PD/QC.",Anonymous,False,http://boards.4chan.org/diy/thread/2632544/mcg-microcontroller-general-snibbedy-snab-edition#p2637254
2637308,"Jun-23-2023, 20:34:37",No Subject,"(REPLY) >>2637141
>computer science is more about software than software engineering
>software is more about computers than computer science
Fun

>>2637254
Have you tried a brute-force search on LCSC for (in stock) ICs that fit your requirements? Might be able to make it faster using octopart (it doesn’t have the chinky chips though) or by filtering via python or whatever.",Anonymous,False,http://boards.4chan.org/diy/thread/2632544/mcg-microcontroller-general-snibbedy-snab-edition#p2637308
2637485,"Jun-24-2023, 06:25:34",No Subject,(REPLY) >>2637004,Anonymous,False,http://boards.4chan.org/diy/thread/2632544/mcg-microcontroller-general-snibbedy-snab-edition#p2637485
2637559,"Jun-24-2023, 09:58:30",No Subject,">site x says BJT has faster switching, because no gate capacitance
>site y says MOSFET has faster switching, because no minor carriers
What gives, Anon-senpai?",Anonymous,False,http://boards.4chan.org/diy/thread/2632544/mcg-microcontroller-general-snibbedy-snab-edition#p2637559
2637600,"Jun-24-2023, 11:58:14",No Subject,"(REPLY) >>2637559
It’s more complicated than that.
GaAs devices are used in the highest speed applications like satellites.",Anonymous,False,http://boards.4chan.org/diy/thread/2632544/mcg-microcontroller-general-snibbedy-snab-edition#p2637600
2638055,"Jun-25-2023, 04:53:54",No Subject,"(REPLY) >>2637559
for current mode bjt can be faster 
for swiching application it is fet
for ultra low power it is again fet becouse you can make it smaller",Anonymous,False,http://boards.4chan.org/diy/thread/2632544/mcg-microcontroller-general-snibbedy-snab-edition#p2638055
2638991,"Jun-26-2023, 20:10:53",No Subject,I have a robot vac I'd love to get the firmware of. On the board is a Micron eMMC NAND memory chip (datasheet can be found here https://datasheetspdf.com/pdf-file/1025549/Micron/MTFC2GMDEA-0M-WT/1). I'm use to dumping Serial NOR chips so this is a bit new for me. If I find the data/cmd/clk pins on the board could I hook them up to an arduino/esp and read the contents of the eMMC chip or will there be protections? Any advice from someone who's done similar would be appreciated.,Anonymous,False,http://boards.4chan.org/diy/thread/2632544/mcg-microcontroller-general-snibbedy-snab-edition#p2638991
2639046,"Jun-26-2023, 22:21:12",No Subject,RISC-V or ARM and why?,Anonymous,False,http://boards.4chan.org/diy/thread/2632544/mcg-microcontroller-general-snibbedy-snab-edition#p2639046
2639070,"Jun-26-2023, 23:22:44",No Subject,"(REPLY) >>2638991
if they were smart theyd encrypt it and use secure boot. but its just chink shit so you should be able to read it off fine",Anonymous,False,http://boards.4chan.org/diy/thread/2632544/mcg-microcontroller-general-snibbedy-snab-edition#p2639070
2639085,"Jun-26-2023, 23:59:00",No Subject,"Let's say I hypothetically applied 170V to the ground loop of my raspberry pi circuit and now the boot console is looping some stall errors
Any idea what I can do to recover from this?",Anonymous,False,http://boards.4chan.org/diy/thread/2632544/mcg-microcontroller-general-snibbedy-snab-edition#p2639085
2639088,"Jun-27-2023, 00:02:31",No Subject,"(REPLY) >>2639070
I don't even know if the processor supports secure boot. The company apparently changed the part number on the chip to obscurify it (https://e2e.ti.com/support/processors-group/processors/f/processors-forum/526033/sni2095260zce-question). They're real dirtbags and now out of business leaving everyone who bought one of their vacs holding the bag.",Anonymous,False,http://boards.4chan.org/diy/thread/2632544/mcg-microcontroller-general-snibbedy-snab-edition#p2639088
2639120,"Jun-27-2023, 02:00:58",No Subject,"(REPLY) >>2638991
I'm assuming the microcontroller is using that chip as external program memory, and not as supplemental memory? In which case, there's a decent chance that the micro has encryption hardware that can run live as it decodes memory.

The hardware side will be a pain, finding the traces relating to the relevant signals will be nigh impossible since they're coming out of a BGA and into another BGA. But maybe you can probe using a logic analyser and see proper CMD signals. You can also probably get a good idea of where the traces are coming from with respect to the package and its pinout. Using the implied pinout may also be useful for reverse engineering the MCU. Otherwise, get it x-rayed, or thin-sectioned, or desolder it.

An ESP should be fast enough, since the command clock speed can be 26MHz, and the sequential read speed is 30MB/s.

Worst case you design a new board with your own custom firmware. Probably with a cheap SBC or droid phone or whatever in there. That or ditch the smart bullshit and cram the firmware into an RP2040.",Anonymous,False,http://boards.4chan.org/diy/thread/2632544/mcg-microcontroller-general-snibbedy-snab-edition#p2639120
2639125,"Jun-27-2023, 02:16:35",No Subject,"(REPLY) >>2639120
I've found most of the data lines already. Figuring out what they are should be easy after hooking them to a logic analyzer. It's more a matter of if I should even put the effort into trying to dump and reverse the firmware vs desoldering the processor and wiring the robot's inputs from the old processor's pads to an esp32. 

What you say makes a lot of sense. Even if the SoC doesn't support secure boot it probably has some base loader program with an encryption key that I'll never be able to get. I was thinking the whole system would be on the eMMC.

I'd love to be able to make a custom firmware people could just download to fix their bots but I don't think it's realistic. 

Thanks.",Anonymous,False,http://boards.4chan.org/diy/thread/2632544/mcg-microcontroller-general-snibbedy-snab-edition#p2639125
2639142,"Jun-27-2023, 04:00:39",No Subject,"(REPLY) >>2639125
>has some base loader program with an encryption key that I'll never be able to get
If it's an SoC without its own progmem AND without secure boot, then I don't think there's any way the flash can be encrypted. Not easily at least. I'd do some research on similar SoCs to what you think is on there (are the other markings on it also fake?) for sure. Trying to get a JTAG or other ICSP header to read the SoC's part ID would be my short-term goal. With any luck there's a (unpopulated) header already on the board for debug purposes.

>desoldering the processor and wiring the robot's inputs from the old processor's pads to an esp32
What are the actual specs you need? With 2GB of storage I imagine it's doing some sort of high-tech room scanning perception stuff, plus all the internet connectivity. An ESP32 alone might not be enough without some extra memory (and maybe another core or two).

>I'd love to be able to make a custom firmware people could just download to fix their bots but I don't think it's realistic
See:
>https://librervac.org
>https://github.com/Hypfer/Valetudo
If you can get the right SoC for something like this to run on, or some other existing ""operating system"", it should be a reasonably simple bodge job. Maybe some extra shit like changing the camera (or the input format), adding some extra code for sensors, or even using an external MCU to change data formats if you can't do so in software.",Anonymous,False,http://boards.4chan.org/diy/thread/2632544/mcg-microcontroller-general-snibbedy-snab-edition#p2639142
2639153,"Jun-27-2023, 04:45:43",No Subject,"(REPLY) >>2639085
170v would never get through the optoisolators you put in to prevent such mishaps.
Som tailored advice: you’re gonna want to socket them.",Anonymous,False,http://boards.4chan.org/diy/thread/2632544/mcg-microcontroller-general-snibbedy-snab-edition#p2639153
2639327,"Jun-27-2023, 13:06:45",No Subject,"(REPLY) >>2639142
The picture in >>2639088 is of the same board as I have. Those are all the markings on it. There's a JTAG header but I already tried it. It's software disabled.

>What are the actual specs you need? With 2GB of storage I imagine it's doing some sort of high-tech room scanning perception stuff, plus all the internet connectivity. An ESP32 alone might not be enough without some extra memory (and maybe another core or two).
The 2GB size is a red herring. Based on earlier model's firmware update files I doubt more than a few megs are used. 

It's a Neato Botvac. It has LIDAR sensor and does room mapping but none of it is persistent on the bot. All maps are uploaded to Neato's ""cloud"" which is failing. The maps themselves are point clouds and probably in the KB range. 

There's little doubt in my mind that a single core esp8266 would wipe the floor with whatever this 10 year old SoC actually is so an esp32 shouldn't have an issue. I might need to multiplex some inputs since there's a lot of them but that's all simple stuff. If I need more RAM there's always those SPRAM.",Anonymous,False,http://boards.4chan.org/diy/thread/2632544/mcg-microcontroller-general-snibbedy-snab-edition#p2639327
2639760,"Jun-28-2023, 11:17:11",No Subject,"(REPLY) >>2637254
>>2637308
Following up, I found the USB-C port manager that doesn't require a discrete MCU: LDR6023
Covers up to PD3.0, so I should be able to use any modern charger now",Anonymous,False,http://boards.4chan.org/diy/thread/2632544/mcg-microcontroller-general-snibbedy-snab-edition#p2639760
2639938,"Jun-28-2023, 16:19:22",No Subject,"I have a routine in my startup asm in one project whose address I’d like to make available in another project so that I can jump to it (use case is bootloader/application and skipping a verification section when executing the bootloader from the application). is that even possible? Seems like something the linker could handle but with them being in separate projects I’m not really sure how to configure that. I’m using stm32 cube ide, which uses gnu build tools.
Alternately I’m thinking i could add a long nop ramp after the verification code and just jump to a hardcoded offset from the reset handler.",Anonymous,False,http://boards.4chan.org/diy/thread/2632544/mcg-microcontroller-general-snibbedy-snab-edition#p2639938
