{
    "posts": [
        {
            "no": 2631979,
            "now": "06/14/23(Wed)07:12:03",
            "name": "Anonymous",
            "com": "Remember the official tool list before buying tools<br><br>these are the only accepted tools to use",
            "filename": "4chantoollist",
            "ext": ".png",
            "w": 2076,
            "h": 1809,
            "tn_w": 250,
            "tn_h": 217,
            "tim": 1686741123358507,
            "time": 1686741123,
            "md5": "JI0vWpfRbgtguQZbn1byKQ==",
            "fsize": 598695,
            "resto": 0,
            "bumplimit": 0,
            "imagelimit": 0,
            "semantic_url": "remember-the-official-tool-list-before-buying",
            "replies": 192,
            "images": 26,
            "unique_ips": 85
        },
        {
            "no": 2631983,
            "now": "06/14/23(Wed)07:20:39",
            "name": "Anonymous",
            "com": "<a href=\"#p2631979\" class=\"quotelink\">&gt;&gt;2631979</a><br>True i have only seen trannies using milwuakee",
            "time": 1686741639,
            "resto": 2631979
        },
        {
            "no": 2632023,
            "now": "06/14/23(Wed)09:17:23",
            "name": "Anonymous",
            "com": "<a href=\"#p2631979\" class=\"quotelink\">&gt;&gt;2631979</a><br>The new blue bosh devices suck balls though",
            "time": 1686748643,
            "resto": 2631979
        },
        {
            "no": 2632028,
            "now": "06/14/23(Wed)09:37:58",
            "name": "Anonymous",
            "com": "hilti is king",
            "time": 1686749878,
            "resto": 2631979
        },
        {
            "no": 2632035,
            "now": "06/14/23(Wed)09:53:32",
            "name": "Anonymous",
            "com": "Thanks but I&#039;m sticking with Ryobi",
            "time": 1686750812,
            "resto": 2631979
        },
        {
            "no": 2632040,
            "now": "06/14/23(Wed)10:06:15",
            "name": "Anonymous",
            "com": "<a href=\"#p2631979\" class=\"quotelink\">&gt;&gt;2631979</a><br><span class=\"quote\">&gt;ryobi - poverty shit tier</span><br><span class=\"quote\">&gt;festool - only good tier</span><br>Hmmm...",
            "time": 1686751575,
            "resto": 2631979
        },
        {
            "no": 2632061,
            "now": "06/14/23(Wed)10:39:13",
            "name": "Anonymous",
            "com": "I\u2019m sorry.<br><br>I can only enjoy the DeWalt yellow/black color scheme.",
            "time": 1686753553,
            "resto": 2631979
        },
        {
            "no": 2632062,
            "now": "06/14/23(Wed)10:40:58",
            "name": "Bepis",
            "com": "<a href=\"#p2631979\" class=\"quotelink\">&gt;&gt;2631979</a><br>You know what? I like this chart. If it can make Makita and Snap On fanbois sperg out, I\u2019ll go along with it.",
            "time": 1686753658,
            "resto": 2631979,
            "trip": "!n/ZnkB9jUw"
        },
        {
            "no": 2632064,
            "now": "06/14/23(Wed)10:42:41",
            "name": "Anonymous",
            "com": "bosch bros we eatin good",
            "time": 1686753761,
            "resto": 2631979
        },
        {
            "no": 2632067,
            "now": "06/14/23(Wed)10:47:23",
            "name": "Bepis",
            "com": "<a href=\"#p2632064\" class=\"quotelink\">&gt;&gt;2632064</a><br>Man it was so tempting to go to Amazon for the chinese laser levels and stuff, you can get the features of a $300+ Bosch for $60.<br><br>However, I may have an 80IQ but even that\u2019s high enough to know not to trust Chinese measuring instruments.",
            "filename": "8E3CA758-375B-4B98-8EEE-473D1C940BFB",
            "ext": ".jpg",
            "w": 1280,
            "h": 960,
            "tn_w": 125,
            "tn_h": 93,
            "tim": 1686754043984506,
            "time": 1686754043,
            "md5": "gLNhZwk1utCdKy0M8HkPKw==",
            "fsize": 300104,
            "resto": 2631979,
            "trip": "!n/ZnkB9jUw"
        },
        {
            "no": 2632069,
            "now": "06/14/23(Wed)10:49:01",
            "name": "Anonymous",
            "com": "<a href=\"#p2632064\" class=\"quotelink\">&gt;&gt;2632064</a><br>Based<br>we bosch bros be elite",
            "time": 1686754141,
            "resto": 2631979
        },
        {
            "no": 2632081,
            "now": "06/14/23(Wed)11:05:25",
            "name": "Anonymous",
            "com": "<a href=\"#p2631979\" class=\"quotelink\">&gt;&gt;2631979</a><br>Makita is the top tool for my trade. Their drills are made for manlets. I use their variable speed grinders for polishing natural stone. <br><br>Everything else in my kit is Bosch pro.",
            "time": 1686755125,
            "resto": 2631979
        },
        {
            "no": 2632084,
            "now": "06/14/23(Wed)11:07:32",
            "name": "Anonymous",
            "com": "<a href=\"#p2632081\" class=\"quotelink\">&gt;&gt;2632081</a><br><span class=\"quote\">&gt;Their drills are made for manlets. I use their variable speed grinders for polishing natural stone.</span>",
            "filename": "main-qimg-18f187bfa1ea62836bf0e8d082db945e-lq",
            "ext": ".jpg",
            "w": 480,
            "h": 317,
            "tn_w": 125,
            "tn_h": 82,
            "tim": 1686755252084509,
            "time": 1686755252,
            "md5": "/70GnU5HaMsnq2RJgiEAfw==",
            "fsize": 50490,
            "resto": 2631979
        },
        {
            "no": 2632086,
            "now": "06/14/23(Wed)11:13:04",
            "name": "Bepis",
            "com": "I\u2019ve got a Pro coupon for $15 off $150 at Home Depot.<br><br>Should I go buy the 3/8\u201d ratchet? I wish their right angle impact wrench was available but it looks like it\u2019s a couple weeks out and the coupon expires soon.<br><br>Or should I get the $199 Ryobi 3x HP battery deal with a free tool? I think I can get a 7-1/4\u201d HP circular saw with that or their mini 5/8\u201d SDS. If that Ryobi kit was offered with the larger like 1\u201d HP SDS, I think I would jump on that, but the compact SDS is so small and I\u2019m not sure if it will have any more balls than my hammer drill.",
            "filename": "AAD802BE-9324-4387-AC26-62A2B1507819",
            "ext": ".jpg",
            "w": 828,
            "h": 1305,
            "tn_w": 79,
            "tn_h": 125,
            "tim": 1686755584972845,
            "time": 1686755584,
            "md5": "EYuzpXBjUqJNOaoEXti5CQ==",
            "fsize": 200155,
            "resto": 2631979,
            "trip": "!n/ZnkB9jUw"
        },
        {
            "no": 2632098,
            "now": "06/14/23(Wed)11:40:41",
            "name": "Anonymous",
            "com": "<a href=\"#p2632086\" class=\"quotelink\">&gt;&gt;2632086</a><br><span class=\"quote\">&gt;rigid</span>",
            "time": 1686757241,
            "resto": 2631979
        },
        {
            "no": 2632100,
            "now": "06/14/23(Wed)11:44:26",
            "name": "Anonymous",
            "com": "<a href=\"#p2631979\" class=\"quotelink\">&gt;&gt;2631979</a><br><span class=\"quote\">&gt;Hitachi</span><br>I thought they were good though? I haven&#039;t used them much myself but i thought they are a big name for a reason.<br>Redpill me on hitachi tools. Why they poo?",
            "time": 1686757466,
            "resto": 2631979
        },
        {
            "no": 2632104,
            "now": "06/14/23(Wed)11:48:28",
            "name": "Anonymous",
            "com": "<a href=\"#p2632100\" class=\"quotelink\">&gt;&gt;2632100</a><br>I haven&#039;t actually seen Hitachi stuff readily available for a while now. I have a Hitachi compound miter saw that has been amazing, they are discontinued and used ones go for more than original price on eBay.",
            "time": 1686757708,
            "resto": 2631979
        },
        {
            "no": 2632119,
            "now": "06/14/23(Wed)12:10:09",
            "name": "Bepis",
            "com": "<a href=\"#p2632098\" class=\"quotelink\">&gt;&gt;2632098</a><br>Well we\u2019re not all pro dog groomers with Dremel",
            "filename": "B9A76BD0-C280-4A97-A20A-D472A0488C4F",
            "ext": ".jpg",
            "w": 380,
            "h": 266,
            "tn_w": 125,
            "tn_h": 87,
            "tim": 1686759009042211,
            "time": 1686759009,
            "md5": "SMtxuaFIwhR3IJGLuBzmZg==",
            "fsize": 21442,
            "resto": 2631979,
            "trip": "!n/ZnkB9jUw"
        },
        {
            "no": 2632123,
            "now": "06/14/23(Wed)12:12:13",
            "name": "Anonymous",
            "com": "<a href=\"#p2631979\" class=\"quotelink\">&gt;&gt;2631979</a><br>Makita above bosch<br>so good the chinese have flooded the market with clones.",
            "time": 1686759133,
            "resto": 2631979
        },
        {
            "no": 2632124,
            "now": "06/14/23(Wed)12:12:18",
            "name": "Anonymous",
            "com": "<a href=\"#p2632067\" class=\"quotelink\">&gt;&gt;2632067</a><br>Bought one, seems legit. Been testing with water level. The brand was Deko with 12 lines",
            "time": 1686759138,
            "resto": 2631979
        },
        {
            "no": 2632126,
            "now": "06/14/23(Wed)12:13:19",
            "name": "Anonymous",
            "com": "<a href=\"#p2632104\" class=\"quotelink\">&gt;&gt;2632104</a><br>hitachi got rebranded to metabo in the states",
            "time": 1686759199,
            "resto": 2631979
        },
        {
            "no": 2632127,
            "now": "06/14/23(Wed)12:14:34",
            "name": "Anonymous",
            "com": "<span class=\"quote\">&gt;Is Metabo HPT the same as Hitachi?</span><br><span class=\"quote\">&gt;Hitachi Power Tools acquired Metabo in 2015. KKR, an investment firm, purchased Hitachi Power Tools and Metabo in 2017. Hitachi Power Tools changed their name to Metabo HPT in 2018.</span>",
            "time": 1686759274,
            "resto": 2631979
        },
        {
            "no": 2632134,
            "now": "06/14/23(Wed)12:30:55",
            "name": "Anonymous",
            "com": "Put Draper in &#039;Good Tools&#039;.",
            "time": 1686760255,
            "resto": 2631979
        },
        {
            "no": 2632135,
            "now": "06/14/23(Wed)12:31:47",
            "name": "Anonymous",
            "com": "<a href=\"#p2632126\" class=\"quotelink\">&gt;&gt;2632126</a><br><a href=\"#p2632127\" class=\"quotelink\">&gt;&gt;2632127</a><br>Thankies.",
            "time": 1686760307,
            "resto": 2631979
        },
        {
            "no": 2632150,
            "now": "06/14/23(Wed)13:04:36",
            "name": "Anonymous",
            "com": "<a href=\"#p2632127\" class=\"quotelink\">&gt;&gt;2632127</a><br>What are HiKoki?",
            "time": 1686762276,
            "resto": 2631979
        },
        {
            "no": 2632166,
            "now": "06/14/23(Wed)13:55:51",
            "name": "Anonymous",
            "com": "<a href=\"#p2632150\" class=\"quotelink\">&gt;&gt;2632150</a><br>ur moms dildo",
            "time": 1686765351,
            "resto": 2631979
        },
        {
            "no": 2632178,
            "now": "06/14/23(Wed)14:19:00",
            "name": "Anonymous",
            "com": "<a href=\"#p2631979\" class=\"quotelink\">&gt;&gt;2631979</a><br>I updated your image as it was missing information.",
            "filename": "Untitled3",
            "ext": ".png",
            "w": 2076,
            "h": 1809,
            "tn_w": 125,
            "tn_h": 108,
            "tim": 1686766740049976,
            "time": 1686766740,
            "md5": "2exSWuYhlwZ+E2wAC8F9eQ==",
            "fsize": 578035,
            "resto": 2631979
        },
        {
            "no": 2632255,
            "now": "06/14/23(Wed)16:33:44",
            "name": "Bepis",
            "com": "<a href=\"#p2632150\" class=\"quotelink\">&gt;&gt;2632150</a><br>They got blended with Metabo a couple years ago I believe and now it\u2019s all sold as Metabo HPT. Was Hitachi and then Hikoki and now Metabo HPT and I think the same tools may be labeled differently in different parts of the country.",
            "filename": "7E4D9D4A-E448-40D1-9484-24D50EE711DF",
            "ext": ".jpg",
            "w": 1280,
            "h": 1280,
            "tn_w": 125,
            "tn_h": 125,
            "tim": 1686774824403012,
            "time": 1686774824,
            "md5": "zjCp4MKbIHZORtQv9jc47w==",
            "fsize": 704197,
            "resto": 2631979,
            "trip": "!n/ZnkB9jUw"
        },
        {
            "no": 2632360,
            "now": "06/14/23(Wed)20:20:32",
            "name": "Anonymous",
            "com": "So I&#039;ve been using my new Stihl 400cm for about half a year now. Done some mods; oiled foam air filter, drilled the exhaust a bit, tossed on a larger chain sprocket. Swapped the bar for a Sugi Hara. It is only running a 20 inch bar with full skip.<br>This is the saw, it is my new daily, replaced my 440 Magnum. The 400 is lighter, has the same power, and the automatic tuning function is nice when the weather gets fucky. Add in the lighter piston so it vibrates less than pretty much any other 66cc saw. Only a half pound heavier than a 362, a full pound lighter than a 440 magnum. Way lighter than a 462, with 85% (by my reckoning) of the 462&#039;s power. This is comparing it to a similarly modded and equiped 462. <br>I highly recommend it to any person with some decent saw experience. Learning to push because the saw is jumping in your hands less than your old 250 is odd. You may think you have a really dull chain. But once you push it in to the cut a little? You can one hand that mother fucker when cutting logs into fire wood. Grip and rip with a saw that is one hand controllable, while being able to lug it around all day long.",
            "filename": "IMG_20230104_203419_(2141_x_1000_pixel)",
            "ext": ".jpg",
            "w": 2141,
            "h": 1000,
            "tn_w": 125,
            "tn_h": 58,
            "tim": 1686788432855088,
            "time": 1686788432,
            "md5": "R1ngUNbf1ddWGm12NfwHqA==",
            "fsize": 995007,
            "resto": 2631979
        },
        {
            "no": 2632368,
            "now": "06/14/23(Wed)20:43:28",
            "name": "Anonymous",
            "com": "<a href=\"#p2632255\" class=\"quotelink\">&gt;&gt;2632255</a><br>Yeah most of the air nailers they sell look exactly like my old hitachi ones.",
            "time": 1686789808,
            "resto": 2631979
        },
        {
            "no": 2632375,
            "now": "06/14/23(Wed)21:03:37",
            "name": "Anonymous",
            "com": "<a href=\"#p2632086\" class=\"quotelink\">&gt;&gt;2632086</a><br><span class=\"quote\">&gt;$150 bare tool, brick batteries fucking with access and handling</span><br>Get the M12, Bepsi-Cola.",
            "time": 1686791017,
            "resto": 2631979
        },
        {
            "no": 2632380,
            "now": "06/14/23(Wed)21:14:52",
            "name": "Anonymous",
            "com": "<a href=\"#p2632023\" class=\"quotelink\">&gt;&gt;2632023</a><br>The new brushed ones suck. The old brushed ni-cad ones that were Swiss and German were solid and you can adapt them to lithium batteries.<br><br>Some of the Profactors are legit and bosch was giving 2 giant batteries for each tool bought in that series. Some are still made in Germany and Hungary.",
            "time": 1686791692,
            "resto": 2631979
        },
        {
            "no": 2632625,
            "now": "06/15/23(Thu)09:34:53",
            "name": "Bepis",
            "com": "<a href=\"#p2632375\" class=\"quotelink\">&gt;&gt;2632375</a><br>That\u2019s what has stopped me from getting it. I think I\u2019m going to wait for the 18V right angle impact to be released because the Ridgid one will probably have more balls than the M12 and a 2.0Ah battery won\u2019t be as bad as the ratchet.<br><br>I thought about the M12 a bunch of times, I like my Ridgid 12V but they discontinued the line. But then Ridgid released the subcompact stuff and I\u2019m a big fan of the drill and driver and hackzall so less reason to get on the M12",
            "filename": "B5D5C9D9-AB2E-4632-A404-81DBD42ECAA6",
            "ext": ".png",
            "w": 828,
            "h": 1792,
            "tn_w": 57,
            "tn_h": 125,
            "tim": 1686836093644787,
            "time": 1686836093,
            "md5": "6TqsfYYj7qI2TGWC+kHLbw==",
            "fsize": 673483,
            "resto": 2631979,
            "trip": "!n/ZnkB9jUw"
        },
        {
            "no": 2633546,
            "now": "06/16/23(Fri)23:47:34",
            "name": "Anonymous",
            "com": "<a href=\"#p2632040\" class=\"quotelink\">&gt;&gt;2632040</a><br>Festool&#039;s cordless stuff is also pretty unergonomic and underpowered, too.<br><br>I&#039;ll stick with my actual pro-grade DeWalt stuff.",
            "time": 1686973654,
            "resto": 2631979
        },
        {
            "no": 2633551,
            "now": "06/16/23(Fri)23:56:47",
            "name": "Anonymous",
            "com": "<a href=\"#p2632084\" class=\"quotelink\">&gt;&gt;2632084</a><br>larger version",
            "filename": "tool companies",
            "ext": ".jpg",
            "w": 1382,
            "h": 962,
            "tn_w": 125,
            "tn_h": 87,
            "tim": 1686974207204928,
            "time": 1686974207,
            "md5": "C1IiSR9aBlhRHFh4GqySnQ==",
            "fsize": 197497,
            "resto": 2631979
        },
        {
            "no": 2633696,
            "now": "06/17/23(Sat)10:04:01",
            "name": "Anonymous",
            "com": "Alibaba unbranded &gt;",
            "time": 1687010641,
            "resto": 2631979
        },
        {
            "no": 2633706,
            "now": "06/17/23(Sat)10:34:47",
            "name": "Anonymous",
            "com": "Is this fucking b8? I\u2019m a sparky and I use dewalt, dewalt makes the most powerful impact wrench and compact impact driver to date. They also make one of the most powerful hammer drills, and their batteries are industry leading. Makita makes great tools as well, and for a while dominated the compact tools market. Ryobi also works great and gets most jobs done, despite their reputation. Milwaukee is also exceptional. If anything Bosch sucks ass and fell off a long time ago. Kill yourself.",
            "time": 1687012487,
            "resto": 2631979
        },
        {
            "no": 2633710,
            "now": "06/17/23(Sat)10:46:07",
            "name": "Anonymous",
            "com": "<a href=\"#p2631979\" class=\"quotelink\">&gt;&gt;2631979</a><br>whoever made this image is a fucking moron and I wouldn&#039;t let them work on a dog house.",
            "filename": "1629962105850",
            "ext": ".jpg",
            "w": 1024,
            "h": 793,
            "tn_w": 125,
            "tn_h": 96,
            "tim": 1687013167779825,
            "time": 1687013167,
            "md5": "D7IakjgNjQCNxluEQgjKMQ==",
            "fsize": 46526,
            "resto": 2631979
        },
        {
            "no": 2633712,
            "now": "06/17/23(Sat)10:52:22",
            "name": "Anonymous",
            "com": "<a href=\"#p2633706\" class=\"quotelink\">&gt;&gt;2633706</a><br>u mad as fuck faggot, go back to sucking dick sparky u cant drill anything but your own asshole fucking queer",
            "time": 1687013542,
            "resto": 2631979
        },
        {
            "no": 2633723,
            "now": "06/17/23(Sat)11:13:44",
            "name": "Anonymous",
            "com": "<a href=\"#p2633706\" class=\"quotelink\">&gt;&gt;2633706</a><br><span class=\"quote\">&gt;i use dewalt</span><br>So another word for &quot;im a tranny who has low iq&quot; ok i get it",
            "time": 1687014824,
            "resto": 2631979
        },
        {
            "no": 2633727,
            "now": "06/17/23(Sat)11:17:38",
            "name": "Anonymous",
            "com": "<a href=\"#p2632067\" class=\"quotelink\">&gt;&gt;2632067</a><br><span class=\"quote\">&gt;keeps tools in box</span><br>Checks out",
            "time": 1687015058,
            "resto": 2631979
        },
        {
            "no": 2633730,
            "now": "06/17/23(Sat)11:21:23",
            "name": "Anonymous",
            "com": "<a href=\"#p2633712\" class=\"quotelink\">&gt;&gt;2633712</a><br><a href=\"#p2633723\" class=\"quotelink\">&gt;&gt;2633723</a><br>Spotted the poorfags running Bauer tools, if they even have any.",
            "time": 1687015283,
            "resto": 2631979
        },
        {
            "no": 2633737,
            "now": "06/17/23(Sat)11:31:48",
            "name": "Anonymous",
            "com": "<a href=\"#p2632255\" class=\"quotelink\">&gt;&gt;2632255</a><br><br>Hitachi is a Japanese company that became HiKoki. Hikoki then purchased Metabo (German company) but still runs them as 2 separate companies with separate tools and battery systems.<br><br>For some reason HiKoki rebranded as Metabo HPT (Hitachi Power Tools) in North America, but the tools are identical and share the same battery despite the difference in name. HiKoki and Metabo HPT are the same, Metabo is not.",
            "time": 1687015908,
            "resto": 2631979
        },
        {
            "no": 2633748,
            "now": "06/17/23(Sat)12:02:13",
            "name": "Anonymous",
            "com": "<a href=\"#p2633730\" class=\"quotelink\">&gt;&gt;2633730</a><br>Tranny",
            "time": 1687017733,
            "resto": 2631979
        },
        {
            "no": 2633762,
            "now": "06/17/23(Sat)12:30:03",
            "name": "Anonymous",
            "com": "<a href=\"#p2633737\" class=\"quotelink\">&gt;&gt;2633737</a><br><span class=\"quote\">&gt;imagine being a toolnerd</span><br>Kill yourself",
            "time": 1687019403,
            "resto": 2631979
        },
        {
            "no": 2633799,
            "now": "06/17/23(Sat)13:31:23",
            "name": "Anonymous",
            "com": "<a href=\"#p2631979\" class=\"quotelink\">&gt;&gt;2631979</a><br>Where does einhell place? Does it not exist in burgerland?",
            "time": 1687023083,
            "resto": 2631979
        },
        {
            "no": 2633808,
            "now": "06/17/23(Sat)13:49:10",
            "name": "Anonymous",
            "com": "<span class=\"quote\">&gt;Metabo and Makita to good tier</span><br><span class=\"quote\">&gt;Hilti and Festool to godlike tier</span><br><span class=\"quote\">&gt;Dremel and DeWalt to low end+ to midrange tier</span><br>ftfy",
            "time": 1687024150,
            "resto": 2631979
        },
        {
            "no": 2633820,
            "now": "06/17/23(Sat)14:15:26",
            "name": "Anonymous",
            "com": "<a href=\"#p2633799\" class=\"quotelink\">&gt;&gt;2633799</a><br>Einhell is literally Lidl-tier<br><br>Do they have W\u00fcrth in Burgerland?",
            "time": 1687025726,
            "resto": 2631979
        },
        {
            "no": 2633822,
            "now": "06/17/23(Sat)14:30:27",
            "name": "Anonymous",
            "com": "<a href=\"#p2631979\" class=\"quotelink\">&gt;&gt;2631979</a><br>I was starting my cordless tool journey and found a brand new Bosch drill and driver set with 2 batteries for $125, had to buy it and am very happy with my purchase. <br><span class=\"quote\">&gt;Fellas should I just commit to bosh and buy some of their other cordless tools?</span><br><span class=\"quote\">&gt;Do any one them suck ass?</span>",
            "time": 1687026627,
            "resto": 2631979
        },
        {
            "no": 2633884,
            "now": "06/17/23(Sat)16:26:19",
            "name": "Anonymous",
            "com": "<a href=\"#p2633820\" class=\"quotelink\">&gt;&gt;2633820</a><br>Are w\u00fcrth tools good?",
            "time": 1687033579,
            "resto": 2631979
        },
        {
            "no": 2633895,
            "now": "06/17/23(Sat)16:45:07",
            "name": "Anonymous",
            "com": "<a href=\"#p2633748\" class=\"quotelink\">&gt;&gt;2633748</a><br>That your only response in your limited vocab, NPC?",
            "time": 1687034707,
            "resto": 2631979
        },
        {
            "no": 2633919,
            "now": "06/17/23(Sat)17:17:53",
            "name": "Anonymous",
            "com": "<a href=\"#p2633762\" class=\"quotelink\">&gt;&gt;2633762</a><br><br>Imagine being on a Mongolian basket weaving forum and having a feeling of superiority.",
            "time": 1687036673,
            "resto": 2631979
        },
        {
            "no": 2633920,
            "now": "06/17/23(Sat)17:20:27",
            "name": "Anonymous",
            "com": "<a href=\"#p2631979\" class=\"quotelink\">&gt;&gt;2631979</a><br>These dont even include any of the mid range brands in Europe.<br><br>Yankee Chauvinism.",
            "time": 1687036827,
            "resto": 2631979
        },
        {
            "no": 2633921,
            "now": "06/17/23(Sat)17:21:59",
            "name": "Anonymous",
            "com": "<a href=\"#p2633820\" class=\"quotelink\">&gt;&gt;2633820</a><br><span class=\"quote\">&gt; Do you have w\u25afrth tools in burgerland</span><br>We can\u2019t even enter \u201cw\u25afrth\u201d into the system with it\u2019s SKU so no.",
            "time": 1687036919,
            "resto": 2631979
        },
        {
            "no": 2633927,
            "now": "06/17/23(Sat)17:28:34",
            "name": "Anonymous",
            "com": "<a href=\"#p2633820\" class=\"quotelink\">&gt;&gt;2633820</a><br>But they are half the price of makita or bosch. And regardless of brand they last me about half a year. So I&#039;ll use Einhell. Seeing as I use my drills as a club and the saws all bend regardless of brand.",
            "time": 1687037314,
            "resto": 2631979
        },
        {
            "no": 2633938,
            "now": "06/17/23(Sat)17:50:13",
            "name": "Anonymous",
            "com": "<a href=\"#p2632040\" class=\"quotelink\">&gt;&gt;2632040</a><br>Festool is mostly overpriced chinesium trash for memetubers to advertise",
            "time": 1687038613,
            "resto": 2631979
        },
        {
            "no": 2633990,
            "now": "06/17/23(Sat)18:54:58",
            "name": "Bepis",
            "com": "<a href=\"#p2633919\" class=\"quotelink\">&gt;&gt;2633919</a><br>This<br><br>At least toolnurd has something to contribute. I\u2019m just here to shitpost, but alas we\u2019re all here for some reason and there aint even any Jlaw pics on this board.",
            "time": 1687042498,
            "resto": 2631979,
            "trip": "!n/ZnkB9jUw"
        },
        {
            "no": 2634042,
            "now": "06/17/23(Sat)20:15:32",
            "name": "Anonymous",
            "com": "The only power tools I currently own are a Milwaukee drill/driver set. I\u2019m at the point where I need more stuff and would rather stick with Milwaukee or switch to Hilti now before I buy more shit. Some electrician on a job last week was talking shit about his company-provided Hilti impact but then said Dewalt is the best manufacturer and that Tom Brady is the best QB ever",
            "time": 1687047332,
            "resto": 2631979
        },
        {
            "no": 2634062,
            "now": "06/17/23(Sat)21:18:29",
            "name": "Anonymous",
            "com": "<a href=\"#p2634042\" class=\"quotelink\">&gt;&gt;2634042</a><br>DeWalt isn&#039;t always going to be the best tool in its class. But they&#039;re tough, reliable, and usually up near the top of the ratings. They also have made the decision to have their high-power 60v tools use batteries that work in their 20v tools as well, which means someone with their yard tools only need one set of batteries.<br><br>Ryobi&#039;s the reasonable choice for somebody who just needs basic tools for the occasional DIY project.<br><br>Milwaukee can be good, but I&#039;d be careful, in recent years they&#039;ve been engaging in cost-cutting fuckery like releasing a redesigned version of the 1/2&quot; impact wrench as a &quot;revision&quot; of the good model where the mechanism was breaking the first time someone used it.",
            "time": 1687051109,
            "resto": 2631979
        },
        {
            "no": 2634116,
            "now": "06/17/23(Sat)23:38:59",
            "name": "Anonymous",
            "com": "<a href=\"#p2631979\" class=\"quotelink\">&gt;&gt;2631979</a><br><span class=\"quote\">&gt;Makita</span><br><span class=\"quote\">&gt;Japanese engineered</span><br><span class=\"quote\">&gt;poverty tier</span><br><br>Just when I thought the troll thread couldn&#039;t get any more obvious.",
            "time": 1687059539,
            "resto": 2631979
        },
        {
            "no": 2634117,
            "now": "06/17/23(Sat)23:41:17",
            "name": "Anonymous",
            "com": "<a href=\"#p2631979\" class=\"quotelink\">&gt;&gt;2631979</a><br><span class=\"quote\">&gt;metabo and hitachi are owned by the same company</span><br><span class=\"quote\">&gt;different tier list</span><br><br>Retard.",
            "time": 1687059677,
            "resto": 2631979
        },
        {
            "no": 2634145,
            "now": "06/18/23(Sun)00:40:17",
            "name": "Anonymous",
            "com": "<a href=\"#p2634117\" class=\"quotelink\">&gt;&gt;2634117</a><br>So? Black &amp; Decker are objectively lower quality, budget tier tools while DeWalt is pro level, and they&#039;re owned by the same company.",
            "time": 1687063217,
            "resto": 2631979
        },
        {
            "no": 2634159,
            "now": "06/18/23(Sun)01:15:05",
            "name": "Anonymous",
            "com": "<a href=\"#p2634116\" class=\"quotelink\">&gt;&gt;2634116</a><br>it&#039;s not a troll thread OP is a legit retard",
            "time": 1687065305,
            "resto": 2631979
        },
        {
            "no": 2634200,
            "now": "06/18/23(Sun)02:45:46",
            "name": "Anonymous",
            "com": "Dremel should be Godlike it replaces every tool in your toolbox",
            "time": 1687070746,
            "resto": 2631979
        },
        {
            "no": 2634202,
            "now": "06/18/23(Sun)03:00:15",
            "name": "Anonymous",
            "com": "<a href=\"#p2634200\" class=\"quotelink\">&gt;&gt;2634200</a><br>Yeah except they feel like lava when I push them hard.<br>Decided to get an air die grinder instead for hard/consistent metal working.",
            "time": 1687071615,
            "resto": 2631979
        },
        {
            "no": 2634204,
            "now": "06/18/23(Sun)03:14:58",
            "name": "Anonymous",
            "com": "<a href=\"#p2634200\" class=\"quotelink\">&gt;&gt;2634200</a><br>?",
            "time": 1687072498,
            "resto": 2631979
        },
        {
            "no": 2634227,
            "now": "06/18/23(Sun)05:01:29",
            "name": "Anonymous",
            "com": "metabo vs makita grinders. who will win! EPIC GRIND BATTLES!",
            "time": 1687078889,
            "resto": 2631979
        },
        {
            "no": 2634228,
            "now": "06/18/23(Sun)05:02:36",
            "name": "Anonymous",
            "com": "<a href=\"#p2632086\" class=\"quotelink\">&gt;&gt;2632086</a><br>you should just get a ryobi, there is no reason for rigid power tools anymore either go ryobi cause ur cheap, or pay milky bucks.",
            "time": 1687078956,
            "resto": 2631979
        },
        {
            "no": 2634229,
            "now": "06/18/23(Sun)05:02:50",
            "name": "Anonymous",
            "com": "<a href=\"#p2634227\" class=\"quotelink\">&gt;&gt;2634227</a><br>Metabo according to the list however bosch is simply better",
            "time": 1687078970,
            "resto": 2631979
        },
        {
            "no": 2634230,
            "now": "06/18/23(Sun)05:04:04",
            "name": "Anonymous",
            "com": "<a href=\"#p2634229\" class=\"quotelink\">&gt;&gt;2634229</a><br>bosch only makes these thing that are good<br>rotary hammers but they share it with hilti, jigsaws,and routers. I am sorry but anything else Bosch is gonna be hard fighting or shit.",
            "time": 1687079044,
            "resto": 2631979
        },
        {
            "no": 2634255,
            "now": "06/18/23(Sun)05:59:11",
            "name": "Anonymous",
            "com": "<a href=\"#p2631979\" class=\"quotelink\">&gt;&gt;2631979</a><br><span class=\"quote\">&gt;one retard makes a list</span><br><span class=\"quote\">&gt;&quot;this is the accepted tiered brands for all tools regardless of application!&quot;</span>",
            "filename": "1686389502343459",
            "ext": ".png",
            "w": 640,
            "h": 480,
            "tn_w": 125,
            "tn_h": 93,
            "tim": 1687082351093261,
            "time": 1687082351,
            "md5": "W7kJHoE+5qao9FW6QL6Dlg==",
            "fsize": 127697,
            "resto": 2631979
        },
        {
            "no": 2634258,
            "now": "06/18/23(Sun)06:08:30",
            "name": "Anonymous",
            "com": "<a href=\"#p2634255\" class=\"quotelink\">&gt;&gt;2634255</a><br>Aww sweetie. You got buyers remote from your bad dewalt purchases?",
            "time": 1687082910,
            "resto": 2631979
        },
        {
            "no": 2634262,
            "now": "06/18/23(Sun)06:24:14",
            "name": "Anonymous",
            "com": "<a href=\"#p2634255\" class=\"quotelink\">&gt;&gt;2634255</a><br><span class=\"quote\">&gt;Leaves off the part that if you don&#039;t know you have it you could easily give it to someone who&#039;ll be permanently debilitated or die from it</span><br><br><a href=\"#p2634258\" class=\"quotelink\">&gt;&gt;2634258</a><br>You&#039;re just as fucktarded.",
            "time": 1687083854,
            "resto": 2631979
        },
        {
            "no": 2634283,
            "now": "06/18/23(Sun)07:05:05",
            "name": "Bepis",
            "com": "<a href=\"#p2634255\" class=\"quotelink\">&gt;&gt;2634255</a><br>Nah OP\u2019s list is regarded as the definitive guide from GarageJournal, ToolGuyd, and ProToolReviews. AvE and ProjectFarm refer to it as well.",
            "time": 1687086305,
            "resto": 2631979,
            "trip": "!n/ZnkB9jUw"
        },
        {
            "no": 2634285,
            "now": "06/18/23(Sun)07:09:14",
            "name": "Bepis",
            "com": "This is hilarious<br><br>https://toolguyd.com/makita-tools-2<wbr>023-sentiments/",
            "time": 1687086554,
            "resto": 2631979,
            "trip": "!n/ZnkB9jUw"
        },
        {
            "no": 2634299,
            "now": "06/18/23(Sun)08:16:19",
            "name": "Anonymous",
            "com": "<a href=\"#p2634145\" class=\"quotelink\">&gt;&gt;2634145</a><br>Its cheaper just to change the appearances of two products, no point in changing hardware used inside.<br><br>With that being said, the motors inside black and decker, and dewalt are of the same quality, and from the same assembly line.<br><br>From a business standpoint, and to maximize profits, this is most likely the case.",
            "time": 1687090579,
            "resto": 2631979
        },
        {
            "no": 2634315,
            "now": "06/18/23(Sun)09:11:31",
            "name": "Bepis",
            "com": "<a href=\"#p2634299\" class=\"quotelink\">&gt;&gt;2634299</a><br>It most definitely costs more to use high end name brand parts than a cheap Chinese alternative, which is why Black &amp; Decker 20V tools are not going to share many common parts with DeWalt XR when the price difference is that large.<br><br>There are a couple Craftsman tools that are the same as the previous gen DeWalt but with a red shell instead of yellow, but that\u2019s still some $99 bare tool and the yellow was $149, and SB&amp;D recouped the R&amp;D money while they sold the $149 DeWalt and now it makes sense financially to sell it as a Craftsman for $99 because that $99 still covers the quality parts inside. They may have downgraded one or two parts in there or skipped a manufacturing step too if it worked with the previous design.<br><br>What you said is boomer cope logic. Now go buy that $9 Black &amp; Decker drill bit assortment and when they\u2019re dull after a few uses, you will complain that DeWalt\u2019s $30 drill bit set is trash too because the gold color on both of them means they\u2019re definitely the same thing and you would never know since you were unwilling to try out the better brand.",
            "time": 1687093891,
            "resto": 2631979,
            "trip": "!n/ZnkB9jUw"
        },
        {
            "no": 2634319,
            "now": "06/18/23(Sun)09:25:58",
            "name": "Anonymous",
            "com": "<a href=\"#p2634299\" class=\"quotelink\">&gt;&gt;2634299</a><br>you don&#039;t necessarily pay for upgraded hardware it&#039;s the warranty that matters. That being said I must buy craftsman for my corded shit and have the same warranty and manufacturer",
            "time": 1687094758,
            "resto": 2631979
        },
        {
            "no": 2634320,
            "now": "06/18/23(Sun)09:26:10",
            "name": "Anonymous",
            "com": "<a href=\"#p2633712\" class=\"quotelink\">&gt;&gt;2633712</a><br>Bet you\u2019ve never used a power tool in your fuckin life stick to holding the flashlight for the big guys pussy",
            "time": 1687094770,
            "resto": 2631979
        },
        {
            "no": 2634321,
            "now": "06/18/23(Sun)09:28:13",
            "name": "Anonymous",
            "com": "<a href=\"#p2633730\" class=\"quotelink\">&gt;&gt;2633730</a><br>I bet you\u2019re a milwaukee fag, you got the whole pack out setup and everything gayboy have fun with your piss tier batteries and your shit torque output nerd",
            "time": 1687094893,
            "resto": 2631979
        },
        {
            "no": 2634322,
            "now": "06/18/23(Sun)09:29:36",
            "name": "Anonymous",
            "com": "<a href=\"#p2634315\" class=\"quotelink\">&gt;&gt;2634315</a><br>anon I&#039;m literally looking at buying the $30 set, cheap bits are a waste of fucking money",
            "time": 1687094976,
            "resto": 2631979
        },
        {
            "no": 2634325,
            "now": "06/18/23(Sun)09:34:14",
            "name": "Bepis",
            "com": "<a href=\"#p2634322\" class=\"quotelink\">&gt;&gt;2634322</a><br>Cheap consumables are the worst. Those Hyper Tough blades were so fucking awful, I have them around in case I decide to put the sawzall through some plastic",
            "filename": "image",
            "ext": ".jpg",
            "w": 4032,
            "h": 3024,
            "tn_w": 125,
            "tn_h": 93,
            "tim": 1687095254232611,
            "time": 1687095254,
            "md5": "WY2Em7Ru7LniXq7piwh5Zw==",
            "fsize": 2549500,
            "resto": 2631979,
            "trip": "!n/ZnkB9jUw"
        },
        {
            "no": 2634342,
            "now": "06/18/23(Sun)10:13:20",
            "name": "Anonymous",
            "com": "<a href=\"#p2634320\" class=\"quotelink\">&gt;&gt;2634320</a><br>i own more power tools than you&#039;ve ever touched in your life, many of them older than you stupid kid, fucking child",
            "time": 1687097600,
            "resto": 2631979
        },
        {
            "no": 2634372,
            "now": "06/18/23(Sun)11:23:41",
            "name": "Anonymous",
            "com": "<a href=\"#p2634342\" class=\"quotelink\">&gt;&gt;2634342</a><br>Dilate",
            "time": 1687101821,
            "resto": 2631979
        },
        {
            "no": 2634376,
            "now": "06/18/23(Sun)11:32:55",
            "name": "Anonymous",
            "com": "<a href=\"#p2634372\" class=\"quotelink\">&gt;&gt;2634372</a><br>That your only response in your limited vocab, NPC?",
            "time": 1687102375,
            "resto": 2631979
        },
        {
            "no": 2634382,
            "now": "06/18/23(Sun)11:47:48",
            "name": "Anonymous",
            "com": "<a href=\"#p2634315\" class=\"quotelink\">&gt;&gt;2634315</a><br><span class=\"quote\">&gt;What you said is boomer cope logic</span><br>I&#039;m a millennial, though, and have no need to cope. <br><br><br><span class=\"quote\">&gt;which is why Black &amp; Decker 20V tools are not going to share many common parts with DeWalt XR when the price difference is that large.</span><br><br>Anon I stopped right here, the moment you are comparing a black and decker tool with a brushed motor to a dewalt with a brushless motor you were either <br><br>1. Didn&#039;t realize this out of ignorance<br><br>2. Hoping I don&#039;t know this so you can later say &quot;TeChNiCaLlY tHeY uSe DiFfErEnT mOtOrS sO tHeY cAnT sHaRe ThE sAmE cOmMoN pArTs&quot;<br><br>No shit its going to use different parts when both tools use a different motor. <br><br>2/10 for making me reply.",
            "time": 1687103268,
            "resto": 2631979
        },
        {
            "no": 2634383,
            "now": "06/18/23(Sun)11:50:18",
            "name": "Anonymous",
            "com": "<a href=\"#p2634321\" class=\"quotelink\">&gt;&gt;2634321</a><br>DeWalt, fuckboy. And I&#039;ve got a couple Toughsystem 2 cases and the handcart.<br><br>Spotted the no-tools poser.",
            "filename": "DWST08210_3[1]",
            "ext": ".jpg",
            "w": 530,
            "h": 530,
            "tn_w": 125,
            "tn_h": 125,
            "tim": 1687103418328429,
            "time": 1687103418,
            "md5": "L36NiVAhlRJchFzuoCuIAw==",
            "fsize": 40060,
            "resto": 2631979
        },
        {
            "no": 2634386,
            "now": "06/18/23(Sun)11:58:31",
            "name": "Anonymous",
            "com": "<a href=\"#p2634315\" class=\"quotelink\">&gt;&gt;2634315</a><br>this is correct, Craftsman corded tools are basically dewalt, I will not buy their cordless line as it&#039;s going to have corners cut on the battery etc. Craftsman hand tools are still solid as fuck and worth the peace of mind just swapping them at lowes for free",
            "time": 1687103911,
            "resto": 2631979
        },
        {
            "no": 2634389,
            "now": "06/18/23(Sun)12:09:11",
            "name": "Bepis",
            "com": "<a href=\"#p2634382\" class=\"quotelink\">&gt;&gt;2634382</a><br>Look at the parts list for a brushed DeWalt 20V and see what other tools they\u2019re compatible with. You may get a piece here or there that\u2019s used on a Porter Cable or nu-Craftsman, but not on a Black &amp; Decker.<br><br><span class=\"quote\">&gt;No shit its going to use different parts when both tools use a different motor. </span><br>Yup, and it\u2019s going to be a different trigger and chuck and brushes on brushed tools because when you\u2019re selling millions of tools, it definitely costs them more money to put high spec parts that can survive 3 years on a jobsite in a Black &amp; Decker tool that is going to sit in your lesbian aunt\u2019s junk drawer.",
            "time": 1687104551,
            "resto": 2631979,
            "trip": "!n/ZnkB9jUw"
        },
        {
            "no": 2634395,
            "now": "06/18/23(Sun)12:21:12",
            "name": "Anonymous",
            "com": "<a href=\"#p2632084\" class=\"quotelink\">&gt;&gt;2632084</a><br><a href=\"#p2633551\" class=\"quotelink\">&gt;&gt;2633551</a><br>Textron sold their tool brands to Emerson<br><span class=\"quote\">&gt;t. Former textron shill/sales</span>",
            "time": 1687105272,
            "resto": 2631979
        },
        {
            "no": 2634427,
            "now": "06/18/23(Sun)13:07:11",
            "name": "Anonymous",
            "com": "<a href=\"#p2634200\" class=\"quotelink\">&gt;&gt;2634200</a><br>dremel kneels to proxxonchad",
            "time": 1687108031,
            "resto": 2631979
        },
        {
            "no": 2634472,
            "now": "06/18/23(Sun)16:08:29",
            "name": "Anonymous",
            "com": "<a href=\"#p2632368\" class=\"quotelink\">&gt;&gt;2632368</a><br>I had to buy a replacement charger for an old hitachi drill and the charger is hikoki brand",
            "time": 1687118909,
            "resto": 2631979
        },
        {
            "no": 2634671,
            "now": "06/19/23(Mon)01:32:25",
            "name": "Anonymous",
            "com": "<a href=\"#p2634472\" class=\"quotelink\">&gt;&gt;2634472</a><br>Dumb tranny",
            "time": 1687152745,
            "resto": 2631979
        },
        {
            "no": 2634682,
            "now": "06/19/23(Mon)02:45:43",
            "name": "Anonymous",
            "com": "Makita is good because someone else has a charger I can use when I leave mine somewhere dumb. It drills what else does it need to do.",
            "time": 1687157143,
            "resto": 2631979
        },
        {
            "no": 2634944,
            "now": "06/19/23(Mon)15:59:17",
            "name": "Anonymous",
            "com": "<a href=\"#p2634671\" class=\"quotelink\">&gt;&gt;2634671</a><br>no, it was a drill",
            "time": 1687204757,
            "resto": 2631979
        },
        {
            "no": 2635260,
            "now": "06/20/23(Tue)07:51:29",
            "name": "Anonymous",
            "com": "<a href=\"#p2634944\" class=\"quotelink\">&gt;&gt;2634944</a><br>No wrong",
            "time": 1687261889,
            "resto": 2631979
        },
        {
            "no": 2635379,
            "now": "06/20/23(Tue)13:09:30",
            "name": "Anonymous",
            "com": "<a href=\"#p2634472\" class=\"quotelink\">&gt;&gt;2634472</a><br><span class=\"quote\">&gt; HiKoki vs Metabo HPT</span><br>What I think happened here is that some of the factories went to Metabo and others went to HiKoki. I also suspect that the Japanese factories stayed with the HiKoki brand for the Japanese market. Makita has the same kinds of internal divisions.<br><br>They\u2019ll probably drop the \u201cHPT\u201d when KKR sells the brand again, just like the \u201cHGST\u201d hard drives\u2026 *some* of which ended up with western digital and others with toshiba.<br><br>Hopefully panasonic or makita will end up with them they made some innovative and good stuff, like their dual corded/cordless tools and their brushless corded.<br><br>Hopefully that happens before the KKR MBA interns run them into the ground.",
            "time": 1687280970,
            "resto": 2631979
        },
        {
            "no": 2635409,
            "now": "06/20/23(Tue)14:16:12",
            "name": "Anonymous",
            "com": "<a href=\"#p2635260\" class=\"quotelink\">&gt;&gt;2635260</a><br>no u",
            "filename": "1295447740063",
            "ext": ".gif",
            "w": 200,
            "h": 200,
            "tn_w": 125,
            "tn_h": 125,
            "tim": 1687284972429302,
            "time": 1687284972,
            "md5": "0g9wf/wCYfhmRzpExwDLTw==",
            "fsize": 10977,
            "resto": 2631979
        },
        {
            "no": 2635442,
            "now": "06/20/23(Tue)15:12:53",
            "name": "Anonymous",
            "com": "<a href=\"#p2631979\" class=\"quotelink\">&gt;&gt;2631979</a><br>milwaukee should be higher up",
            "time": 1687288373,
            "resto": 2631979
        },
        {
            "no": 2635487,
            "now": "06/20/23(Tue)16:23:24",
            "name": "Anonymous",
            "com": "<a href=\"#p2633820\" class=\"quotelink\">&gt;&gt;2633820</a><br>Funnily enough, I&#039;ve read somewhere today that Einhell makes the Lidl/Kaufland store brand of power tools (Parkside).",
            "time": 1687292604,
            "resto": 2631979
        },
        {
            "no": 2635545,
            "now": "06/20/23(Tue)18:38:08",
            "name": "Anonymous",
            "com": "<a href=\"#p2635442\" class=\"quotelink\">&gt;&gt;2635442</a><br>The entire chart was built by a moron, really.",
            "time": 1687300688,
            "resto": 2631979
        },
        {
            "no": 2635741,
            "now": "06/21/23(Wed)01:42:25",
            "name": "Anonymous",
            "com": "<a href=\"#p2635545\" class=\"quotelink\">&gt;&gt;2635545</a><br>No idiot",
            "time": 1687326145,
            "resto": 2631979
        },
        {
            "no": 2635742,
            "now": "06/21/23(Wed)01:42:57",
            "name": "Anonymous",
            "com": "<a href=\"#p2635741\" class=\"quotelink\">&gt;&gt;2635741</a><br>Idiot, moron, same difference.",
            "time": 1687326177,
            "resto": 2631979
        },
        {
            "no": 2635743,
            "now": "06/21/23(Wed)01:43:27",
            "name": "Anonymous",
            "com": "<a href=\"#p2635742\" class=\"quotelink\">&gt;&gt;2635742</a><br>Kill yourself bot",
            "time": 1687326207,
            "resto": 2631979
        },
        {
            "no": 2635744,
            "now": "06/21/23(Wed)01:44:09",
            "name": "Anonymous",
            "com": "<a href=\"#p2635743\" class=\"quotelink\">&gt;&gt;2635743</a><br>Sucking that copium, huh?",
            "time": 1687326249,
            "resto": 2631979
        },
        {
            "no": 2635756,
            "now": "06/21/23(Wed)02:25:22",
            "name": "Anonymous",
            "com": "<a href=\"#p2635744\" class=\"quotelink\">&gt;&gt;2635744</a><br>Bot",
            "time": 1687328722,
            "resto": 2631979
        },
        {
            "no": 2635789,
            "now": "06/21/23(Wed)05:24:27",
            "name": "Anonymous",
            "com": "<a href=\"#p2631979\" class=\"quotelink\">&gt;&gt;2631979</a><br>truly a tool list",
            "time": 1687339467,
            "resto": 2631979
        },
        {
            "no": 2636064,
            "now": "06/21/23(Wed)18:13:26",
            "name": "Anonymous",
            "com": "<a href=\"#p2631979\" class=\"quotelink\">&gt;&gt;2631979</a><br>how come this forced meme shit is still in rotation?",
            "time": 1687385606,
            "resto": 2631979
        },
        {
            "no": 2636120,
            "now": "06/21/23(Wed)20:15:38",
            "name": "Bepis",
            "com": "<a href=\"#p2636064\" class=\"quotelink\">&gt;&gt;2636064</a><br>Because it is the consensus on Tools<br><br>See <a href=\"#p2635789\" class=\"quotelink\">&gt;&gt;2635789</a>",
            "filename": "215013E4-3F5E-4D4C-8D17-8116211AB825",
            "ext": ".jpg",
            "w": 1280,
            "h": 960,
            "tn_w": 125,
            "tn_h": 93,
            "tim": 1687392938629340,
            "time": 1687392938,
            "md5": "tyD7PFHUwDQiosRg8lZFDg==",
            "fsize": 475448,
            "resto": 2631979,
            "trip": "!n/ZnkB9jUw"
        },
        {
            "no": 2636199,
            "now": "06/22/23(Thu)00:08:59",
            "name": "Anonymous",
            "com": "<a href=\"#p2636120\" class=\"quotelink\">&gt;&gt;2636120</a><br>By people who don&#039;t own any tools.",
            "time": 1687406939,
            "resto": 2631979
        },
        {
            "no": 2636234,
            "now": "06/22/23(Thu)02:05:21",
            "name": "Anonymous",
            "com": "<a href=\"#p2636199\" class=\"quotelink\">&gt;&gt;2636199</a><br>Kill yourself idiotfucker",
            "time": 1687413921,
            "resto": 2631979
        },
        {
            "no": 2636244,
            "now": "06/22/23(Thu)02:37:08",
            "name": "Anonymous",
            "com": "i just bought makita old style drill <br>it costs twice as much as same spec bosch <br>feel like i should&#039;ve gone cheaper like b&amp;d<br>buyers remorse is hell",
            "time": 1687415828,
            "resto": 2631979
        },
        {
            "no": 2636328,
            "now": "06/22/23(Thu)08:56:21",
            "name": "Anonymous",
            "com": "<a href=\"#p2636234\" class=\"quotelink\">&gt;&gt;2636234</a><br>Spotted a notools.",
            "time": 1687438581,
            "resto": 2631979
        },
        {
            "no": 2636617,
            "now": "06/22/23(Thu)17:43:14",
            "name": "Clean Nintendo DS and cartridges",
            "com": "<span class=\"quote\">&gt;Makita not even listed</span>",
            "time": 1687470194,
            "resto": 2631979
        },
        {
            "no": 2636619,
            "now": "06/22/23(Thu)17:45:16",
            "name": "Anonymous",
            "com": "Whats wrong with Milwaukee? We abuse them at work, doesnt seem that bad.",
            "time": 1687470316,
            "resto": 2631979
        },
        {
            "no": 2636733,
            "now": "06/22/23(Thu)22:00:22",
            "name": "Anonymous",
            "com": "<a href=\"#p2636619\" class=\"quotelink\">&gt;&gt;2636619</a><br>Nothing, really. Solid lineup, good battery system. I&#039;m a bit wary because of the fuckery recently with replacing the hammer/anvil assembly on 1/2&quot; impact wrenches with a cheaper design and calling it the same model with zero performance testing that lead to a lot of first-use breakages, but they&#039;re mostly good and compete on the same pro tier as DeWalt for a reason.<br>https://www.youtube.com/watch?v=ius<wbr>Voa21daQ",
            "time": 1687485622,
            "resto": 2631979
        },
        {
            "no": 2636734,
            "now": "06/22/23(Thu)22:07:26",
            "name": "Anonymous",
            "com": "<a href=\"#p2636619\" class=\"quotelink\">&gt;&gt;2636619</a><br>nothing at all my dude. I run bosch for my drills and circular saw. Everything else is milwaukee<br><br>Bosch ain&#039;t the strongest but its autistically engineered",
            "time": 1687486046,
            "resto": 2631979
        },
        {
            "no": 2636740,
            "now": "06/22/23(Thu)22:17:46",
            "name": "Anonymous",
            "com": "I prefer air tools<br>No, I won&#039;t elaborate",
            "time": 1687486666,
            "resto": 2631979
        },
        {
            "no": 2636747,
            "now": "06/22/23(Thu)22:31:28",
            "name": "Anonymous",
            "com": "<a href=\"#p2633938\" class=\"quotelink\">&gt;&gt;2633938</a><br>It&#039;s such consumerist shit. If it were all the same price of course I&#039;d grab a track saw and a sander, but the prices are so insane for what it is. Your have to watch a few hours of YouTube before you start wanting one",
            "time": 1687487488,
            "resto": 2631979
        },
        {
            "no": 2636748,
            "now": "06/22/23(Thu)22:32:09",
            "name": "Anonymous",
            "com": "<a href=\"#p2632067\" class=\"quotelink\">&gt;&gt;2632067</a><br>I have this and I love it",
            "time": 1687487529,
            "resto": 2631979
        },
        {
            "no": 2636750,
            "now": "06/22/23(Thu)22:33:39",
            "name": "Anonymous",
            "com": "<a href=\"#p2633551\" class=\"quotelink\">&gt;&gt;2633551</a><br>Isn&#039;t Emerson owned by tti?",
            "time": 1687487619,
            "resto": 2631979
        },
        {
            "no": 2636752,
            "now": "06/22/23(Thu)22:41:47",
            "name": "Anonymous",
            "com": "<a href=\"#p2634283\" class=\"quotelink\">&gt;&gt;2634283</a><br>It&#039;s so stupid to categorize it by the entire brand. I&#039;d go with DeWalt or Makita for my miter saw, Milwaukee for my M12 and M18 ratchets and impacts, festool for my sander, SnapOn for my sockets, and Ryobi or Ego for yard eauipment. I&#039;m not buying DeWalt sockets or a Milwaukee table saw.",
            "time": 1687488107,
            "resto": 2631979
        },
        {
            "no": 2636761,
            "now": "06/22/23(Thu)22:58:11",
            "name": "Anonymous",
            "com": "I love me some metabo.<br>But I am from Germany and US bros just have the hpt knockoff bs.<br><br>Bosch blue is a meme here for professionals. But it is popular in the diy community. Professionals usually use makita instead.<br><br>W\u00fcrth is another thing professionals use often, mostly because of their support and infrastructure. The specs are fine, but not outstanding. No W\u00fcrth for diy peeps tho. Pricing for private buyers is through the roof.<br><br>DeWalt is pure marketing. Breaks easily and support is meh. Also the tools are often too heavy. DeWalt is nice if you wanna brag about who screws faster. But if you are working with it and are putting in several hundred screws a day, then DeWalt is downright inferior to more comfortable tool brands with lighter weight. In b4 muh masculinity!",
            "time": 1687489091,
            "resto": 2631979
        },
        {
            "no": 2636765,
            "now": "06/22/23(Thu)23:07:29",
            "name": "Anonymous",
            "com": "<a href=\"#p2636752\" class=\"quotelink\">&gt;&gt;2636752</a><br><span class=\"quote\">&gt;festool for my sander</span><br>Even there, Mirka or 3M are probably better choices. They do make great Dust Extractors, and the Domino is currently the only tool that does loose tenons so fast, easy, and repeatably.",
            "time": 1687489649,
            "resto": 2631979
        },
        {
            "no": 2636857,
            "now": "06/23/23(Fri)04:35:23",
            "name": "Anonymous",
            "com": "<a href=\"#p2636765\" class=\"quotelink\">&gt;&gt;2636765</a><br>Shut up idiot",
            "time": 1687509323,
            "resto": 2631979
        },
        {
            "no": 2636924,
            "now": "06/23/23(Fri)09:21:44",
            "name": "Anonymous",
            "com": "<a href=\"#p2636857\" class=\"quotelink\">&gt;&gt;2636857</a><br>No actual arguments?",
            "time": 1687526504,
            "resto": 2631979
        },
        {
            "no": 2636979,
            "now": "06/23/23(Fri)11:29:46",
            "name": "Anonymous",
            "com": "<a href=\"#p2636924\" class=\"quotelink\">&gt;&gt;2636924</a><br>Spotted the tranny",
            "time": 1687534186,
            "resto": 2631979
        },
        {
            "no": 2636983,
            "now": "06/23/23(Fri)11:34:35",
            "name": "Anonymous",
            "com": "<a href=\"#p2631979\" class=\"quotelink\">&gt;&gt;2631979</a><br>swap bosh green and makita and it would be pretty accurate. Also buying milwaukee for personal use is retarded",
            "time": 1687534475,
            "resto": 2631979
        },
        {
            "no": 2636988,
            "now": "06/23/23(Fri)11:40:56",
            "name": "Anonymous",
            "com": "I like my ryobi tools cos they&#039;re a cool colour",
            "time": 1687534856,
            "resto": 2631979
        },
        {
            "no": 2636997,
            "now": "06/23/23(Fri)12:06:53",
            "name": "Anonymous",
            "com": "<a href=\"#p2631979\" class=\"quotelink\">&gt;&gt;2631979</a><br><span class=\"quote\">&gt;Snap On</span><br><span class=\"quote\">&gt;poverty</span><br>You&#039;re right.",
            "time": 1687536413,
            "resto": 2631979
        },
        {
            "no": 2637019,
            "now": "06/23/23(Fri)13:12:44",
            "name": "Anonymous",
            "com": "<a href=\"#p2636983\" class=\"quotelink\">&gt;&gt;2636983</a><br>Is bosch green the \u201chomeowner\u201d grade, or is it made somewhere undesirable or known for low quality?<br><br>Germans seem to like metabo but they\u2019re made in russia so they might change their mind whan the literal fallout hits them.",
            "time": 1687540364,
            "resto": 2631979
        },
        {
            "no": 2637020,
            "now": "06/23/23(Fri)13:14:17",
            "name": "Anonymous",
            "com": "<a href=\"#p2637019\" class=\"quotelink\">&gt;&gt;2637019</a><br>Green is their best and blue is for losers",
            "time": 1687540457,
            "resto": 2631979
        },
        {
            "no": 2637023,
            "now": "06/23/23(Fri)13:17:46",
            "name": "Anonymous",
            "com": "imagine falling for the powertool noses",
            "time": 1687540666,
            "resto": 2631979
        },
        {
            "no": 2637032,
            "now": "06/23/23(Fri)13:28:51",
            "name": "Anonymous",
            "com": "<a href=\"#p2632127\" class=\"quotelink\">&gt;&gt;2632127</a><br><span class=\"quote\">&gt;muh sellout</span><br>and metabo rides on the legacy of Electra beckum and genko. Since founding they blatant ripped off everything and were not once innovative. Today, beside drills and grinder, Metabo used to be trash tier. But since two decades they build Electra beckum gear with a different paint job and some penny pinching.<br>however some stuff like their random orbit sanders are still made in n\u00fcrtingen, good stuff",
            "time": 1687541331,
            "resto": 2631979
        },
        {
            "no": 2637040,
            "now": "06/23/23(Fri)13:38:25",
            "name": "Anonymous",
            "com": "<a href=\"#p2637023\" class=\"quotelink\">&gt;&gt;2637023</a><br><span class=\"quote\">&gt;imagine falling for the powertool noses</span>",
            "filename": "1680286654050245",
            "ext": ".png",
            "w": 392,
            "h": 590,
            "tn_w": 83,
            "tn_h": 125,
            "tim": 1687541905595056,
            "time": 1687541905,
            "md5": "mvKmOYbZzLYTfA4sdYr/Iw==",
            "fsize": 31366,
            "resto": 2631979
        },
        {
            "no": 2637043,
            "now": "06/23/23(Fri)13:43:22",
            "name": "Anonymous",
            "com": "<a href=\"#p2637019\" class=\"quotelink\">&gt;&gt;2637019</a><br>Most of the stuff isn&#039;t made in Germany, their main business afaik are parts for cars.<br>I&#039;ve got a green bit set lying around and that&#039;s made in Vietnam.",
            "time": 1687542202,
            "resto": 2631979
        },
        {
            "no": 2637045,
            "now": "06/23/23(Fri)13:46:22",
            "name": "Anonymous",
            "com": "<a href=\"#p2637043\" class=\"quotelink\">&gt;&gt;2637043</a><br><span class=\"quote\">&gt;Most of the stuff isn&#039;t made in Germany, their main business afaik are parts for cars.</span><br><span class=\"quote\">&gt;I&#039;ve got a green bit set lying around and that&#039;s made in Vietnam.</span>",
            "filename": "1686562339282411m",
            "ext": ".jpg",
            "w": 917,
            "h": 1024,
            "tn_w": 111,
            "tn_h": 125,
            "tim": 1687542382038645,
            "time": 1687542382,
            "md5": "q+VhZn6UN6HtxWeVvjsDlg==",
            "fsize": 107275,
            "resto": 2631979
        },
        {
            "no": 2637048,
            "now": "06/23/23(Fri)13:52:16",
            "name": "Anonymous",
            "com": "<a href=\"#p2637045\" class=\"quotelink\">&gt;&gt;2637045</a><br>Was f\u00fcrne Marke shillst du? Deinen ami gruscht?",
            "time": 1687542736,
            "resto": 2631979
        },
        {
            "no": 2637049,
            "now": "06/23/23(Fri)13:53:03",
            "name": "Anonymous",
            "com": "<a href=\"#p2637048\" class=\"quotelink\">&gt;&gt;2637048</a><br>Nazi scum",
            "time": 1687542783,
            "resto": 2631979
        },
        {
            "no": 2637056,
            "now": "06/23/23(Fri)14:01:55",
            "name": "Anonymous",
            "com": "<a href=\"#p2637045\" class=\"quotelink\">&gt;&gt;2637045</a><br><span class=\"quote\">&gt;&gt;Most of the stuff isn&#039;t made in Germany, their main business afaik are parts for cars.</span><br>here&#039;s the 2021 overview. and even Hilti doesn&#039;t solely produce in Germany although I&#039;ve heard they&#039;re extremely robust",
            "filename": "sectors",
            "ext": ".jpg",
            "w": 2160,
            "h": 479,
            "tn_w": 125,
            "tn_h": 27,
            "tim": 1687543315689785,
            "time": 1687543315,
            "md5": "PqKmb9fcpdENjY8pvuBMZg==",
            "fsize": 161960,
            "resto": 2631979
        },
        {
            "no": 2637064,
            "now": "06/23/23(Fri)14:14:58",
            "name": "Anonymous",
            "com": "<a href=\"#p2637056\" class=\"quotelink\">&gt;&gt;2637056</a><br>Fuck off<br>Spotted the dewalt tranny shill",
            "time": 1687544098,
            "resto": 2631979
        },
        {
            "no": 2637084,
            "now": "06/23/23(Fri)15:03:08",
            "name": "Anonymous",
            "com": "<a href=\"#p2637064\" class=\"quotelink\">&gt;&gt;2637064</a><br>I&#039;m German you fucktard, I don&#039;t even know if that DeWalt crap is available here. Pretty pointless anyway when you can get Bosch, Hilti and Makita anywhere.",
            "time": 1687546988,
            "resto": 2631979
        },
        {
            "no": 2637112,
            "now": "06/23/23(Fri)15:58:39",
            "name": "Anonymous",
            "com": "<a href=\"#p2637084\" class=\"quotelink\">&gt;&gt;2637084</a><br>https://www.auspreiser.de/preise?gc<wbr>lid=EAIaIQobChMIwL__1Zba_wIVAwDmCh2<wbr>ZPw-zEAAYAiAAEgIABfD_BwE&amp;tpid=43&amp;kw<wbr>cat=21721&amp;q=dewalt%20shop&amp;utm_campa<wbr>ign=&amp;utm_medium=&amp;kwtype=keyword&amp;dev<wbr>ice=m&amp;utm_source=",
            "time": 1687550319,
            "resto": 2631979
        },
        {
            "no": 2637117,
            "now": "06/23/23(Fri)16:06:13",
            "name": "Anonymous",
            "com": "<a href=\"#p2632084\" class=\"quotelink\">&gt;&gt;2632084</a><br>Ridgid cordless is TTI. They lease the name from Emerson, who manufactures Ridgid plumbing tools.",
            "time": 1687550773,
            "resto": 2631979
        },
        {
            "no": 2637122,
            "now": "06/23/23(Fri)16:10:00",
            "name": "Kevin Van Dam",
            "com": "<a href=\"#p2637117\" class=\"quotelink\">&gt;&gt;2637117</a><br>Yeah that chart is very simplified and misleading for dumb people. Like Home Depot and Lowe\u2019s own Husky and Kobalt, but all of their tools are actually manufactured by other companies that may or may not be on that chart.",
            "time": 1687551000,
            "resto": 2631979,
            "trip": "!ZNBx60Gj/k"
        },
        {
            "no": 2637123,
            "now": "06/23/23(Fri)16:10:47",
            "name": "Anonymous",
            "com": "<a href=\"#p2637122\" class=\"quotelink\">&gt;&gt;2637122</a><br>Shut the fuck up stupid dumb europoor",
            "time": 1687551047,
            "resto": 2631979
        },
        {
            "no": 2637142,
            "now": "06/23/23(Fri)16:44:32",
            "name": "Anonymous",
            "com": "BOSCH repair parts are almost the cost of a brand-new tool.<br><span class=\"quote\">&gt;hur dur, just throw away and buy a new one, it&#039;s cheap</span><br>No, I refuse to live in a rentoid world.",
            "filename": "jm4yei7t1e7b1",
            "ext": ".jpg",
            "w": 640,
            "h": 575,
            "tn_w": 125,
            "tn_h": 112,
            "tim": 1687553072069753,
            "time": 1687553072,
            "md5": "yoXyb2wFS7Y5pV4cXkAddQ==",
            "fsize": 44029,
            "resto": 2631979
        },
        {
            "no": 2637154,
            "now": "06/23/23(Fri)17:01:15",
            "name": "Anonymous",
            "com": "<a href=\"#p2637142\" class=\"quotelink\">&gt;&gt;2637142</a><br>Spotted the hilti tranny<br>Kys",
            "time": 1687554075,
            "resto": 2631979
        },
        {
            "no": 2637157,
            "now": "06/23/23(Fri)17:06:01",
            "name": "Kevin Van Dam",
            "com": "<a href=\"#p2637142\" class=\"quotelink\">&gt;&gt;2637142</a><br>I mean if you\u2019re looking for an older DeWalt drill and a trigger assembly or motor goes out, it might be $60 when you can get a brand new drill and battery for $99. And that\u2019s if parts are available. Gotta weigh your options. Certain tools are so cheap, especially cordless tools, because they\u2019re often sold as loss leaders to get you stuck on the battery platform.<br> <br>Popular models often have parts on ebay or amazon for cheap though, that\u2019s always sweet. Like my neighbor gave me a Ryobi 18V saw with a dead trigger and it was a common model they sell with tons of starter kits so Amazon had the trigger for like $10 shipped.",
            "time": 1687554361,
            "resto": 2631979,
            "trip": "!ZNBx60Gj/k"
        },
        {
            "no": 2637224,
            "now": "06/23/23(Fri)18:52:32",
            "name": "Anonymous",
            "com": "<a href=\"#p2637157\" class=\"quotelink\">&gt;&gt;2637157</a><br>Unless you got the rare defective one, though, unless you&#039;re constantly using every day by the time you break a DeWalt you&#039;re probably going to be looking to upgrade anyways. And if you buy a brushed model in 2023 I kind of feel bad for you, since current models are way more powerful, smaller and lighter, and last longer on the same batteries. But so many people still have fully functional old 18V tools that they have adapters right out on sale to put current 20V batteries in them that it&#039;s hard to buy the haters&#039; ideas.",
            "time": 1687560752,
            "resto": 2631979
        },
        {
            "no": 2638020,
            "now": "06/25/23(Sun)03:28:00",
            "name": "Anonymous",
            "com": "<a href=\"#p2631979\" class=\"quotelink\">&gt;&gt;2631979</a><br>Bosch, Hilti, Metabo and <br>Stihl are all German ones. I am from Germany and.. Yeah as I bought my very first own driller it had to be one of bosch. In the store the seller advised me a makita, would be better, stronger etc etc. Even the companies renovating houses use more often makita than bosch. (saw that often). Now... Was young and bought my bosch. (blue prof). And it was a bad experience, the power is .. Hm.. Weakly.. The motor rattling. Changed it a week later. Seller told me bosch let&#039;s most parts produce in China. So nothing German at all. I was so disappointed about &quot;muh German company&quot;. And all that on my first driller. <br>BUT: Metabo is not low to middle tier shit. It&#039;s a very consistent company in Baden-W\u00fcrttemberg near the &quot;swabia alps&quot; (hope I pronounced it right) , make their stuff there, no China, products very stable. Lived a mile next to them a few years ago and knew many people working their in my neighborhood. It&#039;s more like a traditional family company with high quality products but less PR and oversea relations.<br>However, my dad uses to use AEG (German to) and his like 40 years old driller works as he bought it just yesterday.",
            "time": 1687678080,
            "resto": 2631979
        },
        {
            "no": 2638040,
            "now": "06/25/23(Sun)04:39:31",
            "name": "Anonymous",
            "com": "Holy based",
            "time": 1687682371,
            "resto": 2631979
        },
        {
            "no": 2638041,
            "now": "06/25/23(Sun)04:41:13",
            "name": "Anonymous",
            "com": "This is why bosch is best",
            "filename": "2ca36a0de198cdbe143cd1da22b2d2de",
            "ext": ".webm",
            "w": 576,
            "h": 1024,
            "tn_w": 70,
            "tn_h": 125,
            "tim": 1687682473794308,
            "time": 1687682473,
            "md5": "RDhJi8iCgsgqyxzqUj4NSw==",
            "fsize": 2356264,
            "resto": 2631979
        },
        {
            "no": 2638045,
            "now": "06/25/23(Sun)05:20:04",
            "name": "Anonymous",
            "com": "<a href=\"#p2631979\" class=\"quotelink\">&gt;&gt;2631979</a><br><span class=\"quote\">&gt;Dremel is a brand name</span><br>wtf",
            "time": 1687684804,
            "resto": 2631979
        },
        {
            "no": 2638060,
            "now": "06/25/23(Sun)06:20:49",
            "name": "Anonymous",
            "com": "<a href=\"#p2638045\" class=\"quotelink\">&gt;&gt;2638045</a><br>It is?",
            "time": 1687688449,
            "resto": 2631979
        },
        {
            "no": 2638105,
            "now": "06/25/23(Sun)08:59:34",
            "name": "Anonymous",
            "com": "<a href=\"#p2631979\" class=\"quotelink\">&gt;&gt;2631979</a><br>There are two boschs?",
            "time": 1687697974,
            "resto": 2631979
        },
        {
            "no": 2638128,
            "now": "06/25/23(Sun)09:57:45",
            "name": "Kevin Van Dam",
            "com": "<a href=\"#p2638105\" class=\"quotelink\">&gt;&gt;2638105</a><br>The green one is sold in Yurop and it\u2019s their homeowner Black &amp; Decker 12V tier tools. I think the green Bosch 12V batteries can be used with certain Dremel 12V tools? Something like that is compatible.",
            "time": 1687701465,
            "resto": 2631979,
            "trip": "!ZNBx60Gj/k"
        },
        {
            "no": 2638185,
            "now": "06/25/23(Sun)12:25:24",
            "name": "Anonymous",
            "com": "I always thought it was :<br>Ryobi for home<br>Bosch blue for pro in EU<br>Milwaukee for pro in USA<br>Festool for woodworks<br><br>I&#039;m in EU and it&#039;s a pain to find Milwaukee (the backpack is fantastic) so for now I stick with Ryobi for my personal use, Bosch blue (the electric screwdriver is awesome) for my work.",
            "time": 1687710324,
            "resto": 2631979
        },
        {
            "no": 2638195,
            "now": "06/25/23(Sun)12:40:36",
            "name": "Anonymous",
            "com": "<a href=\"#p2638185\" class=\"quotelink\">&gt;&gt;2638185</a><br>in the US it seems like electricians and hvac guys use milwaukee and the rest of the trades use dewalt.(with a few exceptions)<br>the milwaukee tools have like a $40 premium over dewalts so its more expensive to build a set and more painful when one breaks. electricians and hvac guys generally have clean jobs and are better able to take care of their tools so its ok. also dewalt has the high power cordless tool market cornered with its 60v system, milwaukee has still no answer to this so many years on.<br>exceptions off the top of my head: the milwaukee corded reciprocating saw is the only recip worth buying.<br>the bosch hammer drills are the only ones worth buying.",
            "time": 1687711236,
            "resto": 2631979
        },
        {
            "no": 2638201,
            "now": "06/25/23(Sun)12:55:35",
            "name": "Anonymous",
            "com": "<a href=\"#p2631979\" class=\"quotelink\">&gt;&gt;2631979</a><br>Did bosch finally make batteries that don&#039;t suck?",
            "time": 1687712135,
            "resto": 2631979
        },
        {
            "no": 2638227,
            "now": "06/25/23(Sun)13:50:42",
            "name": "Anonymous",
            "com": "<a href=\"#p2638195\" class=\"quotelink\">&gt;&gt;2638195</a><br><span class=\"quote\">&gt;the bosch hammer drills are the only ones worth buying.</span><br>Either this or Hilti.",
            "time": 1687715442,
            "resto": 2631979
        },
        {
            "no": 2638228,
            "now": "06/25/23(Sun)13:52:20",
            "name": "Kevin Van Dam",
            "com": "<a href=\"#p2638195\" class=\"quotelink\">&gt;&gt;2638195</a><br><span class=\"quote\">&gt;Milwaukee has still no answer</span><br>Milwaukee\u2019s big 18V packs keep up with the DeWalt Flexvolt in most situations. Remember that the FlexVolt packs are 15 cells in series, Milwaukee will sell you a 12.0 pack that is the same fuckin thing as some larger Flexvolt packs but wired in a different way.<br><br>Also Milwaukee has MX Fuel for real big tools that would normally be run off gasoline.",
            "filename": "C5A97278-4AD4-490B-A90D-C341FA4E1270",
            "ext": ".jpg",
            "w": 473,
            "h": 800,
            "tn_w": 73,
            "tn_h": 125,
            "tim": 1687715540371913,
            "time": 1687715540,
            "md5": "xclkZlvwFujohQAkYhUmMw==",
            "fsize": 53318,
            "resto": 2631979,
            "trip": "!ZNBx60Gj/k"
        },
        {
            "no": 2638229,
            "now": "06/25/23(Sun)13:53:16",
            "name": "Anonymous",
            "com": "<a href=\"#p2638227\" class=\"quotelink\">&gt;&gt;2638227</a><br>hilti is good i have used it but its super expensive stuff tradies aren&#039;t going to buy. a guy who owns a blue collar business might.<br>also you have to go through a hilti dealer. a lot is to be said for being able to walk into any home depot, lowes, or ace hardware in the country and buy a battery for your tool or another tool for your battery.",
            "time": 1687715596,
            "resto": 2631979
        },
        {
            "no": 2638231,
            "now": "06/25/23(Sun)14:04:42",
            "name": "Anonymous",
            "com": "<a href=\"#p2638227\" class=\"quotelink\">&gt;&gt;2638227</a><br>Just make sure to stay away from these:<br><br>TE50-V2: TE40 gearbox that can&#039;t survive SDS-Max drills<br>TE30 (brushless) - Rotor shield bearing breaks too easily, floods the motor with oil<br>TE70-V3: Retarded gearbox design where pinion and bevel won&#039;t align because the bevel sits on a plastic bushing, noisy magnetic coupling<br><br>t. ex-repaircuck @ Hilti",
            "time": 1687716282,
            "resto": 2631979
        },
        {
            "no": 2638273,
            "now": "06/25/23(Sun)15:36:03",
            "name": "Anonymous",
            "com": "<a href=\"#p2638195\" class=\"quotelink\">&gt;&gt;2638195</a><br>I&#039;ve got DeWalt cordless tools, but I went with Bosch for a corded random orbit sander. $59 and outperforms basically every other sander in the price range. Decently comfortable in use, too.<br><br><a href=\"#p2638228\" class=\"quotelink\">&gt;&gt;2638228</a><br>Those are just big 18v batteries, while Flexvolt actually provides triple the voltage for the heavy-duty tools. If you compare the 16&quot; chainsaws being sold tool-only, the Milwaukee is $40 more for a tool with a weaker motor. But the factor to consider isn&#039;t just &quot;which is better on a tool by tool basis.&quot;<br><br>Getting multiple brands of tools can get expensive fast, and it&#039;s always cheaper to get a few bundles with batteries to start then add bare tools later on, unless you find a really good deal on a bundle later (I was going to get the jigsaw/router combo HD had when it came with two 6AH batteries, but the dropped the batteries but kept the pair at the same price, well above what they&#039;re at separate on Amazon) But the drill with hammer mode and 850 Impact driver + 2 4AH batteries at $320 was a solid deal. Just the batteries/bag/charger they came with was basically $200 in free stuff. So you have to think and weigh the entire system and what you want out of it instead of just one tool.",
            "time": 1687721763,
            "resto": 2631979
        },
        {
            "no": 2638373,
            "now": "06/25/23(Sun)18:51:21",
            "name": "Anonymous",
            "com": "Which brand would you recommends in 12V ?<br>DIY / Pro / EU / USA",
            "time": 1687733481,
            "resto": 2631979
        },
        {
            "no": 2638405,
            "now": "06/25/23(Sun)20:01:48",
            "name": "Anonymous",
            "com": "<a href=\"#p2638373\" class=\"quotelink\">&gt;&gt;2638373</a><br>Generally? I wouldn&#039;t recommend 12V unless you just need a bare minimum tool for occasional stuff like putting in a drywall anchor or need a compact tool to keep handy.<br><br>That said, it seems like Milwaukee and Makita are the two brands with the most extensive 12v tool systems, but it&#039;s still going to do you a lot better to just get Ryobi 18v if you&#039;re really at that pricing level, they&#039;re less expensive, good enough quality for DIY, and will be more powerful than the 12V tools.",
            "time": 1687737708,
            "resto": 2631979
        },
        {
            "no": 2638407,
            "now": "06/25/23(Sun)20:06:06",
            "name": "Kevin Van Dam",
            "com": "<a href=\"#p2638273\" class=\"quotelink\">&gt;&gt;2638273</a><br><span class=\"quote\">&gt;triple the voltage</span><br>If you understand electricity, it doesn\u2019t mean that much. Not even going to read that whole longpost until you understand that an 18V 12.0Ah pack = 36V/40V 6.0Ah = 60V 4.0Ah, except DeWalt does their marketing BS where they call it a 60V 9.0Ah pack when it\u2019s really 9.0Ah @ 18V and 3.0Ah @ 56V<br><br><a href=\"#p2638373\" class=\"quotelink\">&gt;&gt;2638373</a><br>The only brand that has a 12V lineup worth a damn is Milwaukee. And you shouldn\u2019t buy into a 12V setup first, you should get all of the main 18V tools first and if you\u2019re in a trade where you need specific compact tools, then get down on some 12V stuff for those jobs where you won\u2019t need a full size saw or anything.<br><br>If you buy into Bosch or Makita or DeWalt 12V, even Milwaukee 12V as your first cordless tool, you will never be able to use those batteries on a regular 6-1/2\u201d or 7-1/4\u201d saw or full size sawzall or 4.5\u201d angle grinder.",
            "time": 1687737966,
            "resto": 2631979,
            "trip": "!ZNBx60Gj/k"
        },
        {
            "no": 2638408,
            "now": "06/25/23(Sun)20:08:37",
            "name": "Kevin Van Dam",
            "com": "<a href=\"#p2638405\" class=\"quotelink\">&gt;&gt;2638405</a><br>+1 except the part about Makita, their 12V line is awful as well. Milwaukee is the only 12V line that has tools worth buying. Makita did that retarded thing where they switched from a 12V barrel pack like Milwaukee to a slide pack so now they can\u2019t even make 12V ratchets or multitools with a slim body like Milwaukee. And since Makita is retarded, their 12V slide packs don\u2019t use the same charger as the 18V like DeWalt does with their multi-volt chargers.",
            "time": 1687738117,
            "resto": 2631979,
            "trip": "!ZNBx60Gj/k"
        },
        {
            "no": 2638409,
            "now": "06/25/23(Sun)20:09:31",
            "name": "Anonymous",
            "com": "<a href=\"#p2638407\" class=\"quotelink\">&gt;&gt;2638407</a><br><span class=\"quote\">&gt;If you understand electricity, it doesn\u2019t mean that much. Not even going to read that whole longpost until you understand that an 18V 12.0Ah pack = 36V/40V 6.0Ah = 60V 4.0Ah, except DeWalt does their marketing BS where they call it a 60V 9.0Ah pack when it\u2019s really 9.0Ah @ 18V and 3.0Ah @ 56V</span><br>And everyone buying it understands that on the AH rating. But the reality is that the 60V tools often outperform even the corded models.",
            "time": 1687738171,
            "resto": 2631979
        },
        {
            "no": 2638410,
            "now": "06/25/23(Sun)20:12:52",
            "name": "Anonymous",
            "com": "<a href=\"#p2638408\" class=\"quotelink\">&gt;&gt;2638408</a><br>Yep, at work (small IT department) we&#039;ve got a basic Makita drill/driver set with the old barrel batteries, and they work great for little stuff like rackmount screws and so on. But I bring in my big boy DeWalts for any serious stuff now, like mounting TVs and video conferencing installs on which can include some tough tasks like putting holes in cabinets and conference tables.",
            "time": 1687738372,
            "resto": 2631979
        },
        {
            "no": 2638411,
            "now": "06/25/23(Sun)20:15:54",
            "name": "Kevin Van Dam",
            "com": "<a href=\"#p2638409\" class=\"quotelink\">&gt;&gt;2638409</a><br>There\u2019s like 3 or 4 60V tools, and Milwaukee realized that you could get it done with an 18V pack because it\u2019s the same power in that battery pack.",
            "filename": "C7142F41-D504-47C6-8314-08C6A3D75F46",
            "ext": ".jpg",
            "w": 628,
            "h": 618,
            "tn_w": 125,
            "tn_h": 123,
            "tim": 1687738554700964,
            "time": 1687738554,
            "md5": "uPmAPPXgQ/gHeochNUE+0w==",
            "fsize": 57548,
            "resto": 2631979,
            "trip": "!ZNBx60Gj/k"
        },
        {
            "no": 2638542,
            "now": "06/26/23(Mon)03:13:58",
            "name": "Anonymous",
            "com": "<a href=\"#p2638405\" class=\"quotelink\">&gt;&gt;2638405</a><br><a href=\"#p2638407\" class=\"quotelink\">&gt;&gt;2638407</a><br>I have a 18V Ryobi set but I don&#039;t use it that often and it&#039;s big for my use-case, so I was thinking of selling/gifting the set and buying something smaller for the rare occasion.<br>Milwaukee and DeWalt are really hard to find at retail prices here so it&#039;s mostly Makita Bosch or AEG (=Rigdid right ?) for 12V I guess",
            "time": 1687763638,
            "resto": 2631979
        },
        {
            "no": 2638550,
            "now": "06/26/23(Mon)04:04:59",
            "name": "Kevin Van Dam",
            "com": "<a href=\"#p2638542\" class=\"quotelink\">&gt;&gt;2638542</a><br>Of those, Bosch 12v, the blue ones. They have nice little impact drivers and assembly drivers.",
            "time": 1687766699,
            "resto": 2631979,
            "trip": "!ZNBx60Gj/k"
        },
        {
            "no": 2638562,
            "now": "06/26/23(Mon)05:12:13",
            "name": "Anonymous",
            "com": "<a href=\"#p2638542\" class=\"quotelink\">&gt;&gt;2638542</a><br><span class=\"quote\">&gt;12v tools</span><br>Are you a weak little girl? Cringe",
            "time": 1687770733,
            "resto": 2631979
        },
        {
            "no": 2638684,
            "now": "06/26/23(Mon)12:07:33",
            "name": "Anonymous",
            "com": "I&#039;m a harbor freight guy. Yeah chicago electric is good enough for me.",
            "filename": "1687019547517781",
            "ext": ".jpg",
            "w": 826,
            "h": 878,
            "tn_w": 117,
            "tn_h": 125,
            "tim": 1687795653662847,
            "time": 1687795653,
            "md5": "fV4Iiu3pqFOO6Rpv+qChMQ==",
            "fsize": 126144,
            "resto": 2631979
        },
        {
            "no": 2639008,
            "now": "06/26/23(Mon)22:00:35",
            "name": "Anonymous",
            "com": "<a href=\"#p2638128\" class=\"quotelink\">&gt;&gt;2638128</a><br>Nonsense, blue are sold in Europe (at least in Germany) too.bought some blue stuff over the years.",
            "time": 1687831235,
            "resto": 2631979
        },
        {
            "no": 2639051,
            "now": "06/26/23(Mon)23:47:02",
            "name": "Anonymous",
            "com": "Table saw, laser level, miter saw - Bosch<br>Circular saw - old Milwaukee or skilsaw or makita<br>Battery tools: dewalt because fuck buying multiple batteries<br>Grinder: Makita<br>Hand electric planer: Makita<br>Levels: Stabila, anything else is a waste of money<br>Corded hammer drill: Bosch<br>Nail guns will all jam so they all suck cock but get a palm nailer its essential",
            "time": 1687837622,
            "resto": 2631979
        },
        {
            "no": 2639065,
            "now": "06/27/23(Tue)00:12:55",
            "name": "Anonymous",
            "com": "<a href=\"#p2637122\" class=\"quotelink\">&gt;&gt;2637122</a><br>You can bypass the markup buying straight from the company, while still supporting three American company (if concerned), picrel. <br>Trusty-cook makes deadblow hammers that SnapOn puts their name on. There see other smaller names that are niche, and not quickly purchased at the big box stores (Whiteside router bits, etc).",
            "filename": "IMG_20230627_000528",
            "ext": ".png",
            "w": 1763,
            "h": 1906,
            "tn_w": 115,
            "tn_h": 125,
            "tim": 1687839175008966,
            "time": 1687839175,
            "md5": "LlpnufCKpG6Oul938MVl7w==",
            "fsize": 1512105,
            "resto": 2631979
        },
        {
            "no": 2639136,
            "now": "06/27/23(Tue)04:14:25",
            "name": "Kevin Van Dam",
            "com": "<a href=\"#p2639008\" class=\"quotelink\">&gt;&gt;2639008</a><br>Never said blue wasn\u2019t sold in Yurop. I said Green is sold in Yurop and not in North America.",
            "time": 1687853665,
            "resto": 2631979,
            "trip": "!ZNBx60Gj/k"
        },
        {
            "no": 2639434,
            "now": "06/27/23(Tue)18:23:46",
            "name": "Anonymous",
            "com": "Kobalt master race",
            "time": 1687904626,
            "resto": 2631979
        },
        {
            "no": 2639436,
            "now": "06/27/23(Tue)18:44:57",
            "name": "Anonymous",
            "com": "<a href=\"#p2632360\" class=\"quotelink\">&gt;&gt;2632360</a><br>Insufferable.",
            "time": 1687905897,
            "resto": 2631979
        },
        {
            "no": 2639523,
            "now": "06/27/23(Tue)22:33:49",
            "name": "Anonymous",
            "com": "<a href=\"#p2631979\" class=\"quotelink\">&gt;&gt;2631979</a><br><br>Born and raised poor as hell my first power tool was a 18v Coleman drill from Biglots. I was so proud of it, it was pretty good for what it was. 15 years later and I&#039;m all Black &amp; Decker now. Saw&#039;s + almost every 20v tool they got. I love my Black &amp; Decker tools they get the job done.",
            "filename": "Love my B&amp;D",
            "ext": ".png",
            "w": 1740,
            "h": 1380,
            "tn_w": 124,
            "tn_h": 99,
            "tim": 1687919629707395,
            "time": 1687919629,
            "md5": "1/0NPq4XyDrxYHpAzQmdKg==",
            "fsize": 1780253,
            "resto": 2631979
        },
        {
            "no": 2639807,
            "now": "06/28/23(Wed)13:40:26",
            "name": "Anonymous",
            "com": "<a href=\"#p2639136\" class=\"quotelink\">&gt;&gt;2639136</a><br>Oh, you&#039;re right, sorry. But why? I know the green ones are the &quot;long life&quot; ones.. Is it cause the American market is a very fast short living market where stable products aren&#039;t a &quot;good thing&quot; for the sellers? (I mean it isnt a good thing for the company anyways, that&#039;s why they build cheap parts, that will break with time, one or two pieces at least, in the machines so you have to buy a new one)",
            "time": 1687974026,
            "resto": 2631979
        },
        {
            "no": 2639829,
            "now": "06/28/23(Wed)14:09:28",
            "name": "Anonymous",
            "com": "<a href=\"#p2636747\" class=\"quotelink\">&gt;&gt;2636747</a><br>I watched AvE do a tear down, and then I didn&#039;t want one any more.",
            "time": 1687975768,
            "resto": 2631979
        },
        {
            "no": 2639831,
            "now": "06/28/23(Wed)14:11:35",
            "name": "Anonymous",
            "com": "<a href=\"#p2633551\" class=\"quotelink\">&gt;&gt;2633551</a><br>I thought the whole point of the rebrand from Hitachi to Metabo was because they sold off their tools division to another company?",
            "time": 1687975895,
            "resto": 2631979
        },
        {
            "no": 2639833,
            "now": "06/28/23(Wed)14:13:57",
            "name": "Anonymous",
            "com": "<a href=\"#p2634383\" class=\"quotelink\">&gt;&gt;2634383</a><br>I was looking into toughsystem, and then I saw that they have 1.0 and 2.0 that aren&#039;t compatible, and that they both have different types of accessories.",
            "time": 1687976037,
            "resto": 2631979
        },
        {
            "no": 2639834,
            "now": "06/28/23(Wed)14:16:40",
            "name": "Kevin Van Dam",
            "com": "<a href=\"#p2639807\" class=\"quotelink\">&gt;&gt;2639807</a><br><span class=\"quote\">&gt;long life</span><br>No, the green Bosch is like weekender tier tools, they\u2019re cheaper and built to a lower standard than blue Bosch. The blue Bosch is definitely going to last longer than the green Bosch.<br><br>As fas as why they\u2019re not sold in the US, I\u2019m not sure. Home Depot already has Ryobi for those homeowner tools and they don\u2019t even sell 18V blue tools, only a handful of corded tools like the Bulldog. Lowes is the #2 store and they sell some blue Bosch cordless, but not very prominently compared to DeWalt-Craftsman. They have Skil and Craftsman and maybe Kobalt for the homeowner tools, I guess Bosch doesn\u2019t think it\u2019s worth pushing the cheaper green tools into this market. Both of those stores sell Dremel stuff which is part of Bosch, but even Home Depot replaced lots of that with Ryobi lately. Also DeWalt and the other contractor grade tools are pretty affordable and Ryobi kits are so cheap which seems different compared to Yurop, it would cost Bosch a lot of money to get into stores with the budget tools.",
            "time": 1687976200,
            "resto": 2631979,
            "trip": "!ZNBx60Gj/k"
        },
        {
            "no": 2639836,
            "now": "06/28/23(Wed)14:18:10",
            "name": "Anonymous",
            "com": "<a href=\"#p2638411\" class=\"quotelink\">&gt;&gt;2638411</a><br>Those chink grinders don&#039;t keep up with the 60v version, and you can pry my flexvolt miter saw from my cold dead hands.",
            "time": 1687976290,
            "resto": 2631979
        },
        {
            "no": 2639841,
            "now": "06/28/23(Wed)14:26:05",
            "name": "Kevin Van Dam",
            "com": "<a href=\"#p2639836\" class=\"quotelink\">&gt;&gt;2639836</a><br>Get on my level!",
            "filename": "3FB7BF66-90BD-451A-958D-B094A294E1AD",
            "ext": ".jpg",
            "w": 650,
            "h": 488,
            "tn_w": 125,
            "tn_h": 93,
            "tim": 1687976765271599,
            "time": 1687976765,
            "md5": "8oYc7yoAG8hKgd1uj+2Zag==",
            "fsize": 62010,
            "resto": 2631979,
            "trip": "!ZNBx60Gj/k"
        },
        {
            "no": 2639923,
            "now": "06/28/23(Wed)17:01:10",
            "name": "Anonymous",
            "com": "<a href=\"#p2637049\" class=\"quotelink\">&gt;&gt;2637049</a><br>Fuck you you dumb piece of shit. Wouldn&#039;t be an ocean between us I would catch and torture you to death.",
            "time": 1687986070,
            "resto": 2631979
        },
        {
            "no": 2639926,
            "now": "06/28/23(Wed)17:03:39",
            "name": "Anonymous",
            "com": "<a href=\"#p2637048\" class=\"quotelink\">&gt;&gt;2637048</a><br>Und was ist mit dir du spastiker? &quot;gruscht&quot;? Bist du zu bl\u00f6de oder trend-gesteuert? Bist du ebenso ein nigger der meint er w\u00e4re deutscher? Wie ich so ein dreckspack hasse!",
            "time": 1687986219,
            "resto": 2631979
        },
        {
            "no": 2639931,
            "now": "06/28/23(Wed)17:09:53",
            "name": "Anonymous",
            "com": "<a href=\"#p2639834\" class=\"quotelink\">&gt;&gt;2639834</a><br>Hm... So it&#039;s more a marketing thing? I mean: thing is good, let&#039;s make another thing in another color, to get another market..but the quality is the same. Bosch hasn&#039;t a good standing point and thats bosch&#039;s counteroffence?",
            "time": 1687986593,
            "resto": 2631979
        }
    ]
}