post_id,date_time,subject,comment/reply,name,is_op?,url
2631979,"Jun-14-2023, 06:12:03",No Subject,"Remember the official tool list before buying tools

these are the only accepted tools to use",Anonymous,True,http://boards.4chan.org/diy/thread/2631979/remember-the-official-tool-list-before-buying#p2631979
2631983,"Jun-14-2023, 06:20:39",No Subject,"(REPLY) >>2631979
True i have only seen trannies using milwuakee",Anonymous,False,http://boards.4chan.org/diy/thread/2631979/remember-the-official-tool-list-before-buying#p2631983
2632023,"Jun-14-2023, 08:17:23",No Subject,"(REPLY) >>2631979
The new blue bosh devices suck balls though",Anonymous,False,http://boards.4chan.org/diy/thread/2631979/remember-the-official-tool-list-before-buying#p2632023
2632028,"Jun-14-2023, 08:37:58",No Subject,hilti is king,Anonymous,False,http://boards.4chan.org/diy/thread/2631979/remember-the-official-tool-list-before-buying#p2632028
2632035,"Jun-14-2023, 08:53:32",No Subject,Thanks but I'm sticking with Ryobi,Anonymous,False,http://boards.4chan.org/diy/thread/2631979/remember-the-official-tool-list-before-buying#p2632035
2632040,"Jun-14-2023, 09:06:15",No Subject,"(REPLY) >>2631979
>ryobi - poverty shit tier
>festool - only good tier
Hmmm...",Anonymous,False,http://boards.4chan.org/diy/thread/2631979/remember-the-official-tool-list-before-buying#p2632040
2632061,"Jun-14-2023, 09:39:13",No Subject,"I’m sorry.

I can only enjoy the DeWalt yellow/black color scheme.",Anonymous,False,http://boards.4chan.org/diy/thread/2631979/remember-the-official-tool-list-before-buying#p2632061
2632062,"Jun-14-2023, 09:40:58",No Subject,"(REPLY) >>2631979
You know what? I like this chart. If it can make Makita and Snap On fanbois sperg out, I’ll go along with it.",Bepis,False,http://boards.4chan.org/diy/thread/2631979/remember-the-official-tool-list-before-buying#p2632062
2632064,"Jun-14-2023, 09:42:41",No Subject,bosch bros we eatin good,Anonymous,False,http://boards.4chan.org/diy/thread/2631979/remember-the-official-tool-list-before-buying#p2632064
2632067,"Jun-14-2023, 09:47:23",No Subject,"(REPLY) >>2632064
Man it was so tempting to go to Amazon for the chinese laser levels and stuff, you can get the features of a $300+ Bosch for $60.

However, I may have an 80IQ but even that’s high enough to know not to trust Chinese measuring instruments.",Bepis,False,http://boards.4chan.org/diy/thread/2631979/remember-the-official-tool-list-before-buying#p2632067
2632069,"Jun-14-2023, 09:49:01",No Subject,"(REPLY) >>2632064
Based
we bosch bros be elite",Anonymous,False,http://boards.4chan.org/diy/thread/2631979/remember-the-official-tool-list-before-buying#p2632069
2632081,"Jun-14-2023, 10:05:25",No Subject,"(REPLY) >>2631979
Makita is the top tool for my trade. Their drills are made for manlets. I use their variable speed grinders for polishing natural stone. 

Everything else in my kit is Bosch pro.",Anonymous,False,http://boards.4chan.org/diy/thread/2631979/remember-the-official-tool-list-before-buying#p2632081
2632084,"Jun-14-2023, 10:07:32",No Subject,"(REPLY) >>2632081
>Their drills are made for manlets. I use their variable speed grinders for polishing natural stone.",Anonymous,False,http://boards.4chan.org/diy/thread/2631979/remember-the-official-tool-list-before-buying#p2632084
2632086,"Jun-14-2023, 10:13:04",No Subject,"I’ve got a Pro coupon for $15 off $150 at Home Depot.

Should I go buy the 3/8” ratchet? I wish their right angle impact wrench was available but it looks like it’s a couple weeks out and the coupon expires soon.

Or should I get the $199 Ryobi 3x HP battery deal with a free tool? I think I can get a 7-1/4” HP circular saw with that or their mini 5/8” SDS. If that Ryobi kit was offered with the larger like 1” HP SDS, I think I would jump on that, but the compact SDS is so small and I’m not sure if it will have any more balls than my hammer drill.",Bepis,False,http://boards.4chan.org/diy/thread/2631979/remember-the-official-tool-list-before-buying#p2632086
2632098,"Jun-14-2023, 10:40:41",No Subject,"(REPLY) >>2632086
>rigid",Anonymous,False,http://boards.4chan.org/diy/thread/2631979/remember-the-official-tool-list-before-buying#p2632098
2632100,"Jun-14-2023, 10:44:26",No Subject,"(REPLY) >>2631979
>Hitachi
I thought they were good though? I haven't used them much myself but i thought they are a big name for a reason.
Redpill me on hitachi tools. Why they poo?",Anonymous,False,http://boards.4chan.org/diy/thread/2631979/remember-the-official-tool-list-before-buying#p2632100
2632104,"Jun-14-2023, 10:48:28",No Subject,"(REPLY) >>2632100
I haven't actually seen Hitachi stuff readily available for a while now. I have a Hitachi compound miter saw that has been amazing, they are discontinued and used ones go for more than original price on eBay.",Anonymous,False,http://boards.4chan.org/diy/thread/2631979/remember-the-official-tool-list-before-buying#p2632104
2632119,"Jun-14-2023, 11:10:09",No Subject,"(REPLY) >>2632098
Well we’re not all pro dog groomers with Dremel",Bepis,False,http://boards.4chan.org/diy/thread/2631979/remember-the-official-tool-list-before-buying#p2632119
2632123,"Jun-14-2023, 11:12:13",No Subject,"(REPLY) >>2631979
Makita above bosch
so good the chinese have flooded the market with clones.",Anonymous,False,http://boards.4chan.org/diy/thread/2631979/remember-the-official-tool-list-before-buying#p2632123
2632124,"Jun-14-2023, 11:12:18",No Subject,"(REPLY) >>2632067
Bought one, seems legit. Been testing with water level. The brand was Deko with 12 lines",Anonymous,False,http://boards.4chan.org/diy/thread/2631979/remember-the-official-tool-list-before-buying#p2632124
2632126,"Jun-14-2023, 11:13:19",No Subject,"(REPLY) >>2632104
hitachi got rebranded to metabo in the states",Anonymous,False,http://boards.4chan.org/diy/thread/2631979/remember-the-official-tool-list-before-buying#p2632126
2632127,"Jun-14-2023, 11:14:34",No Subject,">Is Metabo HPT the same as Hitachi?
>Hitachi Power Tools acquired Metabo in 2015. KKR, an investment firm, purchased Hitachi Power Tools and Metabo in 2017. Hitachi Power Tools changed their name to Metabo HPT in 2018.",Anonymous,False,http://boards.4chan.org/diy/thread/2631979/remember-the-official-tool-list-before-buying#p2632127
2632134,"Jun-14-2023, 11:30:55",No Subject,Put Draper in 'Good Tools'.,Anonymous,False,http://boards.4chan.org/diy/thread/2631979/remember-the-official-tool-list-before-buying#p2632134
2632135,"Jun-14-2023, 11:31:47",No Subject,"(REPLY) >>2632126
>>2632127
Thankies.",Anonymous,False,http://boards.4chan.org/diy/thread/2631979/remember-the-official-tool-list-before-buying#p2632135
2632150,"Jun-14-2023, 12:04:36",No Subject,"(REPLY) >>2632127
What are HiKoki?",Anonymous,False,http://boards.4chan.org/diy/thread/2631979/remember-the-official-tool-list-before-buying#p2632150
2632166,"Jun-14-2023, 12:55:51",No Subject,"(REPLY) >>2632150
ur moms dildo",Anonymous,False,http://boards.4chan.org/diy/thread/2631979/remember-the-official-tool-list-before-buying#p2632166
2632178,"Jun-14-2023, 13:19:00",No Subject,"(REPLY) >>2631979
I updated your image as it was missing information.",Anonymous,False,http://boards.4chan.org/diy/thread/2631979/remember-the-official-tool-list-before-buying#p2632178
2632255,"Jun-14-2023, 15:33:44",No Subject,"(REPLY) >>2632150
They got blended with Metabo a couple years ago I believe and now it’s all sold as Metabo HPT. Was Hitachi and then Hikoki and now Metabo HPT and I think the same tools may be labeled differently in different parts of the country.",Bepis,False,http://boards.4chan.org/diy/thread/2631979/remember-the-official-tool-list-before-buying#p2632255
2632360,"Jun-14-2023, 19:20:32",No Subject,"So I've been using my new Stihl 400cm for about half a year now. Done some mods; oiled foam air filter, drilled the exhaust a bit, tossed on a larger chain sprocket. Swapped the bar for a Sugi Hara. It is only running a 20 inch bar with full skip.
This is the saw, it is my new daily, replaced my 440 Magnum. The 400 is lighter, has the same power, and the automatic tuning function is nice when the weather gets fucky. Add in the lighter piston so it vibrates less than pretty much any other 66cc saw. Only a half pound heavier than a 362, a full pound lighter than a 440 magnum. Way lighter than a 462, with 85% (by my reckoning) of the 462's power. This is comparing it to a similarly modded and equiped 462. 
I highly recommend it to any person with some decent saw experience. Learning to push because the saw is jumping in your hands less than your old 250 is odd. You may think you have a really dull chain. But once you push it in to the cut a little? You can one hand that mother fucker when cutting logs into fire wood. Grip and rip with a saw that is one hand controllable, while being able to lug it around all day long.",Anonymous,False,http://boards.4chan.org/diy/thread/2631979/remember-the-official-tool-list-before-buying#p2632360
2632368,"Jun-14-2023, 19:43:28",No Subject,"(REPLY) >>2632255
Yeah most of the air nailers they sell look exactly like my old hitachi ones.",Anonymous,False,http://boards.4chan.org/diy/thread/2631979/remember-the-official-tool-list-before-buying#p2632368
2632375,"Jun-14-2023, 20:03:37",No Subject,"(REPLY) >>2632086
>$150 bare tool, brick batteries fucking with access and handling
Get the M12, Bepsi-Cola.",Anonymous,False,http://boards.4chan.org/diy/thread/2631979/remember-the-official-tool-list-before-buying#p2632375
2632380,"Jun-14-2023, 20:14:52",No Subject,"(REPLY) >>2632023
The new brushed ones suck. The old brushed ni-cad ones that were Swiss and German were solid and you can adapt them to lithium batteries.

Some of the Profactors are legit and bosch was giving 2 giant batteries for each tool bought in that series. Some are still made in Germany and Hungary.",Anonymous,False,http://boards.4chan.org/diy/thread/2631979/remember-the-official-tool-list-before-buying#p2632380
2632625,"Jun-15-2023, 08:34:53",No Subject,"(REPLY) >>2632375
That’s what has stopped me from getting it. I think I’m going to wait for the 18V right angle impact to be released because the Ridgid one will probably have more balls than the M12 and a 2.0Ah battery won’t be as bad as the ratchet.

I thought about the M12 a bunch of times, I like my Ridgid 12V but they discontinued the line. But then Ridgid released the subcompact stuff and I’m a big fan of the drill and driver and hackzall so less reason to get on the M12",Bepis,False,http://boards.4chan.org/diy/thread/2631979/remember-the-official-tool-list-before-buying#p2632625
2633546,"Jun-16-2023, 22:47:34",No Subject,"(REPLY) >>2632040
Festool's cordless stuff is also pretty unergonomic and underpowered, too.

I'll stick with my actual pro-grade DeWalt stuff.",Anonymous,False,http://boards.4chan.org/diy/thread/2631979/remember-the-official-tool-list-before-buying#p2633546
2633551,"Jun-16-2023, 22:56:47",No Subject,"(REPLY) >>2632084
larger version",Anonymous,False,http://boards.4chan.org/diy/thread/2631979/remember-the-official-tool-list-before-buying#p2633551
2633696,"Jun-17-2023, 09:04:01",No Subject,Alibaba unbranded >,Anonymous,False,http://boards.4chan.org/diy/thread/2631979/remember-the-official-tool-list-before-buying#p2633696
2633706,"Jun-17-2023, 09:34:47",No Subject,"Is this fucking b8? I’m a sparky and I use dewalt, dewalt makes the most powerful impact wrench and compact impact driver to date. They also make one of the most powerful hammer drills, and their batteries are industry leading. Makita makes great tools as well, and for a while dominated the compact tools market. Ryobi also works great and gets most jobs done, despite their reputation. Milwaukee is also exceptional. If anything Bosch sucks ass and fell off a long time ago. Kill yourself.",Anonymous,False,http://boards.4chan.org/diy/thread/2631979/remember-the-official-tool-list-before-buying#p2633706
2633710,"Jun-17-2023, 09:46:07",No Subject,"(REPLY) >>2631979
whoever made this image is a fucking moron and I wouldn't let them work on a dog house.",Anonymous,False,http://boards.4chan.org/diy/thread/2631979/remember-the-official-tool-list-before-buying#p2633710
2633712,"Jun-17-2023, 09:52:22",No Subject,"(REPLY) >>2633706
u mad as fuck faggot, go back to sucking dick sparky u cant drill anything but your own asshole fucking queer",Anonymous,False,http://boards.4chan.org/diy/thread/2631979/remember-the-official-tool-list-before-buying#p2633712
2633723,"Jun-17-2023, 10:13:44",No Subject,"(REPLY) >>2633706
>i use dewalt
So another word for ""im a tranny who has low iq"" ok i get it",Anonymous,False,http://boards.4chan.org/diy/thread/2631979/remember-the-official-tool-list-before-buying#p2633723
2633727,"Jun-17-2023, 10:17:38",No Subject,"(REPLY) >>2632067
>keeps tools in box
Checks out",Anonymous,False,http://boards.4chan.org/diy/thread/2631979/remember-the-official-tool-list-before-buying#p2633727
2633730,"Jun-17-2023, 10:21:23",No Subject,"(REPLY) >>2633712
>>2633723
Spotted the poorfags running Bauer tools, if they even have any.",Anonymous,False,http://boards.4chan.org/diy/thread/2631979/remember-the-official-tool-list-before-buying#p2633730
2633737,"Jun-17-2023, 10:31:48",No Subject,"(REPLY) >>2632255

Hitachi is a Japanese company that became HiKoki. Hikoki then purchased Metabo (German company) but still runs them as 2 separate companies with separate tools and battery systems.

For some reason HiKoki rebranded as Metabo HPT (Hitachi Power Tools) in North America, but the tools are identical and share the same battery despite the difference in name. HiKoki and Metabo HPT are the same, Metabo is not.",Anonymous,False,http://boards.4chan.org/diy/thread/2631979/remember-the-official-tool-list-before-buying#p2633737
2633748,"Jun-17-2023, 11:02:13",No Subject,"(REPLY) >>2633730
Tranny",Anonymous,False,http://boards.4chan.org/diy/thread/2631979/remember-the-official-tool-list-before-buying#p2633748
2633762,"Jun-17-2023, 11:30:03",No Subject,"(REPLY) >>2633737
>imagine being a toolnerd
Kill yourself",Anonymous,False,http://boards.4chan.org/diy/thread/2631979/remember-the-official-tool-list-before-buying#p2633762
2633799,"Jun-17-2023, 12:31:23",No Subject,"(REPLY) >>2631979
Where does einhell place? Does it not exist in burgerland?",Anonymous,False,http://boards.4chan.org/diy/thread/2631979/remember-the-official-tool-list-before-buying#p2633799
2633808,"Jun-17-2023, 12:49:10",No Subject,">Metabo and Makita to good tier
>Hilti and Festool to godlike tier
>Dremel and DeWalt to low end+ to midrange tier
ftfy",Anonymous,False,http://boards.4chan.org/diy/thread/2631979/remember-the-official-tool-list-before-buying#p2633808
2633820,"Jun-17-2023, 13:15:26",No Subject,"(REPLY) >>2633799
Einhell is literally Lidl-tier

Do they have Würth in Burgerland?",Anonymous,False,http://boards.4chan.org/diy/thread/2631979/remember-the-official-tool-list-before-buying#p2633820
2633822,"Jun-17-2023, 13:30:27",No Subject,"(REPLY) >>2631979
I was starting my cordless tool journey and found a brand new Bosch drill and driver set with 2 batteries for $125, had to buy it and am very happy with my purchase. 
>Fellas should I just commit to bosh and buy some of their other cordless tools?
>Do any one them suck ass?",Anonymous,False,http://boards.4chan.org/diy/thread/2631979/remember-the-official-tool-list-before-buying#p2633822
2633884,"Jun-17-2023, 15:26:19",No Subject,"(REPLY) >>2633820
Are würth tools good?",Anonymous,False,http://boards.4chan.org/diy/thread/2631979/remember-the-official-tool-list-before-buying#p2633884
2633895,"Jun-17-2023, 15:45:07",No Subject,"(REPLY) >>2633748
That your only response in your limited vocab, NPC?",Anonymous,False,http://boards.4chan.org/diy/thread/2631979/remember-the-official-tool-list-before-buying#p2633895
2633919,"Jun-17-2023, 16:17:53",No Subject,"(REPLY) >>2633762

Imagine being on a Mongolian basket weaving forum and having a feeling of superiority.",Anonymous,False,http://boards.4chan.org/diy/thread/2631979/remember-the-official-tool-list-before-buying#p2633919
2633920,"Jun-17-2023, 16:20:27",No Subject,"(REPLY) >>2631979
These dont even include any of the mid range brands in Europe.

Yankee Chauvinism.",Anonymous,False,http://boards.4chan.org/diy/thread/2631979/remember-the-official-tool-list-before-buying#p2633920
2633921,"Jun-17-2023, 16:21:59",No Subject,"(REPLY) >>2633820
> Do you have w▯rth tools in burgerland
We can’t even enter “w▯rth” into the system with it’s SKU so no.",Anonymous,False,http://boards.4chan.org/diy/thread/2631979/remember-the-official-tool-list-before-buying#p2633921
2633927,"Jun-17-2023, 16:28:34",No Subject,"(REPLY) >>2633820
But they are half the price of makita or bosch. And regardless of brand they last me about half a year. So I'll use Einhell. Seeing as I use my drills as a club and the saws all bend regardless of brand.",Anonymous,False,http://boards.4chan.org/diy/thread/2631979/remember-the-official-tool-list-before-buying#p2633927
2633938,"Jun-17-2023, 16:50:13",No Subject,"(REPLY) >>2632040
Festool is mostly overpriced chinesium trash for memetubers to advertise",Anonymous,False,http://boards.4chan.org/diy/thread/2631979/remember-the-official-tool-list-before-buying#p2633938
2633990,"Jun-17-2023, 17:54:58",No Subject,"(REPLY) >>2633919
This

At least toolnurd has something to contribute. I’m just here to shitpost, but alas we’re all here for some reason and there aint even any Jlaw pics on this board.",Bepis,False,http://boards.4chan.org/diy/thread/2631979/remember-the-official-tool-list-before-buying#p2633990
2634042,"Jun-17-2023, 19:15:32",No Subject,The only power tools I currently own are a Milwaukee drill/driver set. I’m at the point where I need more stuff and would rather stick with Milwaukee or switch to Hilti now before I buy more shit. Some electrician on a job last week was talking shit about his company-provided Hilti impact but then said Dewalt is the best manufacturer and that Tom Brady is the best QB ever,Anonymous,False,http://boards.4chan.org/diy/thread/2631979/remember-the-official-tool-list-before-buying#p2634042
2634062,"Jun-17-2023, 20:18:29",No Subject,"(REPLY) >>2634042
DeWalt isn't always going to be the best tool in its class. But they're tough, reliable, and usually up near the top of the ratings. They also have made the decision to have their high-power 60v tools use batteries that work in their 20v tools as well, which means someone with their yard tools only need one set of batteries.

Ryobi's the reasonable choice for somebody who just needs basic tools for the occasional DIY project.

Milwaukee can be good, but I'd be careful, in recent years they've been engaging in cost-cutting fuckery like releasing a redesigned version of the 1/2"" impact wrench as a ""revision"" of the good model where the mechanism was breaking the first time someone used it.",Anonymous,False,http://boards.4chan.org/diy/thread/2631979/remember-the-official-tool-list-before-buying#p2634062
2634116,"Jun-17-2023, 22:38:59",No Subject,"(REPLY) >>2631979
>Makita
>Japanese engineered
>poverty tier

Just when I thought the troll thread couldn't get any more obvious.",Anonymous,False,http://boards.4chan.org/diy/thread/2631979/remember-the-official-tool-list-before-buying#p2634116
2634117,"Jun-17-2023, 22:41:17",No Subject,"(REPLY) >>2631979
>metabo and hitachi are owned by the same company
>different tier list

Retard.",Anonymous,False,http://boards.4chan.org/diy/thread/2631979/remember-the-official-tool-list-before-buying#p2634117
2634145,"Jun-17-2023, 23:40:17",No Subject,"(REPLY) >>2634117
So? Black & Decker are objectively lower quality, budget tier tools while DeWalt is pro level, and they're owned by the same company.",Anonymous,False,http://boards.4chan.org/diy/thread/2631979/remember-the-official-tool-list-before-buying#p2634145
2634159,"Jun-18-2023, 00:15:05",No Subject,"(REPLY) >>2634116
it's not a troll thread OP is a legit retard",Anonymous,False,http://boards.4chan.org/diy/thread/2631979/remember-the-official-tool-list-before-buying#p2634159
2634200,"Jun-18-2023, 01:45:46",No Subject,Dremel should be Godlike it replaces every tool in your toolbox,Anonymous,False,http://boards.4chan.org/diy/thread/2631979/remember-the-official-tool-list-before-buying#p2634200
2634202,"Jun-18-2023, 02:00:15",No Subject,"(REPLY) >>2634200
Yeah except they feel like lava when I push them hard.
Decided to get an air die grinder instead for hard/consistent metal working.",Anonymous,False,http://boards.4chan.org/diy/thread/2631979/remember-the-official-tool-list-before-buying#p2634202
2634204,"Jun-18-2023, 02:14:58",No Subject,"(REPLY) >>2634200
?",Anonymous,False,http://boards.4chan.org/diy/thread/2631979/remember-the-official-tool-list-before-buying#p2634204
2634227,"Jun-18-2023, 04:01:29",No Subject,metabo vs makita grinders. who will win! EPIC GRIND BATTLES!,Anonymous,False,http://boards.4chan.org/diy/thread/2631979/remember-the-official-tool-list-before-buying#p2634227
2634228,"Jun-18-2023, 04:02:36",No Subject,"(REPLY) >>2632086
you should just get a ryobi, there is no reason for rigid power tools anymore either go ryobi cause ur cheap, or pay milky bucks.",Anonymous,False,http://boards.4chan.org/diy/thread/2631979/remember-the-official-tool-list-before-buying#p2634228
2634229,"Jun-18-2023, 04:02:50",No Subject,"(REPLY) >>2634227
Metabo according to the list however bosch is simply better",Anonymous,False,http://boards.4chan.org/diy/thread/2631979/remember-the-official-tool-list-before-buying#p2634229
2634230,"Jun-18-2023, 04:04:04",No Subject,"(REPLY) >>2634229
bosch only makes these thing that are good
rotary hammers but they share it with hilti, jigsaws,and routers. I am sorry but anything else Bosch is gonna be hard fighting or shit.",Anonymous,False,http://boards.4chan.org/diy/thread/2631979/remember-the-official-tool-list-before-buying#p2634230
2634255,"Jun-18-2023, 04:59:11",No Subject,"(REPLY) >>2631979
>one retard makes a list
>""this is the accepted tiered brands for all tools regardless of application!""",Anonymous,False,http://boards.4chan.org/diy/thread/2631979/remember-the-official-tool-list-before-buying#p2634255
2634258,"Jun-18-2023, 05:08:30",No Subject,"(REPLY) >>2634255
Aww sweetie. You got buyers remote from your bad dewalt purchases?",Anonymous,False,http://boards.4chan.org/diy/thread/2631979/remember-the-official-tool-list-before-buying#p2634258
2634262,"Jun-18-2023, 05:24:14",No Subject,"(REPLY) >>2634255
>Leaves off the part that if you don't know you have it you could easily give it to someone who'll be permanently debilitated or die from it

>>2634258
You're just as fucktarded.",Anonymous,False,http://boards.4chan.org/diy/thread/2631979/remember-the-official-tool-list-before-buying#p2634262
2634283,"Jun-18-2023, 06:05:05",No Subject,"(REPLY) >>2634255
Nah OP’s list is regarded as the definitive guide from GarageJournal, ToolGuyd, and ProToolReviews. AvE and ProjectFarm refer to it as well.",Bepis,False,http://boards.4chan.org/diy/thread/2631979/remember-the-official-tool-list-before-buying#p2634283
2634285,"Jun-18-2023, 06:09:14",No Subject,"This is hilarious

https://toolguyd.com/makita-tools-2023-sentiments/",Bepis,False,http://boards.4chan.org/diy/thread/2631979/remember-the-official-tool-list-before-buying#p2634285
2634299,"Jun-18-2023, 07:16:19",No Subject,"(REPLY) >>2634145
Its cheaper just to change the appearances of two products, no point in changing hardware used inside.

With that being said, the motors inside black and decker, and dewalt are of the same quality, and from the same assembly line.

From a business standpoint, and to maximize profits, this is most likely the case.",Anonymous,False,http://boards.4chan.org/diy/thread/2631979/remember-the-official-tool-list-before-buying#p2634299
2634315,"Jun-18-2023, 08:11:31",No Subject,"(REPLY) >>2634299
It most definitely costs more to use high end name brand parts than a cheap Chinese alternative, which is why Black & Decker 20V tools are not going to share many common parts with DeWalt XR when the price difference is that large.

There are a couple Craftsman tools that are the same as the previous gen DeWalt but with a red shell instead of yellow, but that’s still some $99 bare tool and the yellow was $149, and SB&D recouped the R&D money while they sold the $149 DeWalt and now it makes sense financially to sell it as a Craftsman for $99 because that $99 still covers the quality parts inside. They may have downgraded one or two parts in there or skipped a manufacturing step too if it worked with the previous design.

What you said is boomer cope logic. Now go buy that $9 Black & Decker drill bit assortment and when they’re dull after a few uses, you will complain that DeWalt’s $30 drill bit set is trash too because the gold color on both of them means they’re definitely the same thing and you would never know since you were unwilling to try out the better brand.",Bepis,False,http://boards.4chan.org/diy/thread/2631979/remember-the-official-tool-list-before-buying#p2634315
2634319,"Jun-18-2023, 08:25:58",No Subject,"(REPLY) >>2634299
you don't necessarily pay for upgraded hardware it's the warranty that matters. That being said I must buy craftsman for my corded shit and have the same warranty and manufacturer",Anonymous,False,http://boards.4chan.org/diy/thread/2631979/remember-the-official-tool-list-before-buying#p2634319
2634320,"Jun-18-2023, 08:26:10",No Subject,"(REPLY) >>2633712
Bet you’ve never used a power tool in your fuckin life stick to holding the flashlight for the big guys pussy",Anonymous,False,http://boards.4chan.org/diy/thread/2631979/remember-the-official-tool-list-before-buying#p2634320
2634321,"Jun-18-2023, 08:28:13",No Subject,"(REPLY) >>2633730
I bet you’re a milwaukee fag, you got the whole pack out setup and everything gayboy have fun with your piss tier batteries and your shit torque output nerd",Anonymous,False,http://boards.4chan.org/diy/thread/2631979/remember-the-official-tool-list-before-buying#p2634321
2634322,"Jun-18-2023, 08:29:36",No Subject,"(REPLY) >>2634315
anon I'm literally looking at buying the $30 set, cheap bits are a waste of fucking money",Anonymous,False,http://boards.4chan.org/diy/thread/2631979/remember-the-official-tool-list-before-buying#p2634322
2634325,"Jun-18-2023, 08:34:14",No Subject,"(REPLY) >>2634322
Cheap consumables are the worst. Those Hyper Tough blades were so fucking awful, I have them around in case I decide to put the sawzall through some plastic",Bepis,False,http://boards.4chan.org/diy/thread/2631979/remember-the-official-tool-list-before-buying#p2634325
2634342,"Jun-18-2023, 09:13:20",No Subject,"(REPLY) >>2634320
i own more power tools than you've ever touched in your life, many of them older than you stupid kid, fucking child",Anonymous,False,http://boards.4chan.org/diy/thread/2631979/remember-the-official-tool-list-before-buying#p2634342
2634372,"Jun-18-2023, 10:23:41",No Subject,"(REPLY) >>2634342
Dilate",Anonymous,False,http://boards.4chan.org/diy/thread/2631979/remember-the-official-tool-list-before-buying#p2634372
2634376,"Jun-18-2023, 10:32:55",No Subject,"(REPLY) >>2634372
That your only response in your limited vocab, NPC?",Anonymous,False,http://boards.4chan.org/diy/thread/2631979/remember-the-official-tool-list-before-buying#p2634376
2634382,"Jun-18-2023, 10:47:48",No Subject,"(REPLY) >>2634315
>What you said is boomer cope logic
I'm a millennial, though, and have no need to cope. 


>which is why Black & Decker 20V tools are not going to share many common parts with DeWalt XR when the price difference is that large.

Anon I stopped right here, the moment you are comparing a black and decker tool with a brushed motor to a dewalt with a brushless motor you were either 

1. Didn't realize this out of ignorance

2. Hoping I don't know this so you can later say ""TeChNiCaLlY tHeY uSe DiFfErEnT mOtOrS sO tHeY cAnT sHaRe ThE sAmE cOmMoN pArTs""

No shit its going to use different parts when both tools use a different motor. 

2/10 for making me reply.",Anonymous,False,http://boards.4chan.org/diy/thread/2631979/remember-the-official-tool-list-before-buying#p2634382
2634383,"Jun-18-2023, 10:50:18",No Subject,"(REPLY) >>2634321
DeWalt, fuckboy. And I've got a couple Toughsystem 2 cases and the handcart.

Spotted the no-tools poser.",Anonymous,False,http://boards.4chan.org/diy/thread/2631979/remember-the-official-tool-list-before-buying#p2634383
2634386,"Jun-18-2023, 10:58:31",No Subject,"(REPLY) >>2634315
this is correct, Craftsman corded tools are basically dewalt, I will not buy their cordless line as it's going to have corners cut on the battery etc. Craftsman hand tools are still solid as fuck and worth the peace of mind just swapping them at lowes for free",Anonymous,False,http://boards.4chan.org/diy/thread/2631979/remember-the-official-tool-list-before-buying#p2634386
2634389,"Jun-18-2023, 11:09:11",No Subject,"(REPLY) >>2634382
Look at the parts list for a brushed DeWalt 20V and see what other tools they’re compatible with. You may get a piece here or there that’s used on a Porter Cable or nu-Craftsman, but not on a Black & Decker.

>No shit its going to use different parts when both tools use a different motor. 
Yup, and it’s going to be a different trigger and chuck and brushes on brushed tools because when you’re selling millions of tools, it definitely costs them more money to put high spec parts that can survive 3 years on a jobsite in a Black & Decker tool that is going to sit in your lesbian aunt’s junk drawer.",Bepis,False,http://boards.4chan.org/diy/thread/2631979/remember-the-official-tool-list-before-buying#p2634389
2634395,"Jun-18-2023, 11:21:12",No Subject,"(REPLY) >>2632084
>>2633551
Textron sold their tool brands to Emerson
>t. Former textron shill/sales",Anonymous,False,http://boards.4chan.org/diy/thread/2631979/remember-the-official-tool-list-before-buying#p2634395
2634427,"Jun-18-2023, 12:07:11",No Subject,"(REPLY) >>2634200
dremel kneels to proxxonchad",Anonymous,False,http://boards.4chan.org/diy/thread/2631979/remember-the-official-tool-list-before-buying#p2634427
2634472,"Jun-18-2023, 15:08:29",No Subject,"(REPLY) >>2632368
I had to buy a replacement charger for an old hitachi drill and the charger is hikoki brand",Anonymous,False,http://boards.4chan.org/diy/thread/2631979/remember-the-official-tool-list-before-buying#p2634472
2634671,"Jun-19-2023, 00:32:25",No Subject,"(REPLY) >>2634472
Dumb tranny",Anonymous,False,http://boards.4chan.org/diy/thread/2631979/remember-the-official-tool-list-before-buying#p2634671
2634682,"Jun-19-2023, 01:45:43",No Subject,Makita is good because someone else has a charger I can use when I leave mine somewhere dumb. It drills what else does it need to do.,Anonymous,False,http://boards.4chan.org/diy/thread/2631979/remember-the-official-tool-list-before-buying#p2634682
2634944,"Jun-19-2023, 14:59:17",No Subject,"(REPLY) >>2634671
no, it was a drill",Anonymous,False,http://boards.4chan.org/diy/thread/2631979/remember-the-official-tool-list-before-buying#p2634944
2635260,"Jun-20-2023, 06:51:29",No Subject,"(REPLY) >>2634944
No wrong",Anonymous,False,http://boards.4chan.org/diy/thread/2631979/remember-the-official-tool-list-before-buying#p2635260
2635379,"Jun-20-2023, 12:09:30",No Subject,"(REPLY) >>2634472
> HiKoki vs Metabo HPT
What I think happened here is that some of the factories went to Metabo and others went to HiKoki. I also suspect that the Japanese factories stayed with the HiKoki brand for the Japanese market. Makita has the same kinds of internal divisions.

They’ll probably drop the “HPT” when KKR sells the brand again, just like the “HGST” hard drives… *some* of which ended up with western digital and others with toshiba.

Hopefully panasonic or makita will end up with them they made some innovative and good stuff, like their dual corded/cordless tools and their brushless corded.

Hopefully that happens before the KKR MBA interns run them into the ground.",Anonymous,False,http://boards.4chan.org/diy/thread/2631979/remember-the-official-tool-list-before-buying#p2635379
2635409,"Jun-20-2023, 13:16:12",No Subject,"(REPLY) >>2635260
no u",Anonymous,False,http://boards.4chan.org/diy/thread/2631979/remember-the-official-tool-list-before-buying#p2635409
2635442,"Jun-20-2023, 14:12:53",No Subject,"(REPLY) >>2631979
milwaukee should be higher up",Anonymous,False,http://boards.4chan.org/diy/thread/2631979/remember-the-official-tool-list-before-buying#p2635442
2635487,"Jun-20-2023, 15:23:24",No Subject,"(REPLY) >>2633820
Funnily enough, I've read somewhere today that Einhell makes the Lidl/Kaufland store brand of power tools (Parkside).",Anonymous,False,http://boards.4chan.org/diy/thread/2631979/remember-the-official-tool-list-before-buying#p2635487
2635545,"Jun-20-2023, 17:38:08",No Subject,"(REPLY) >>2635442
The entire chart was built by a moron, really.",Anonymous,False,http://boards.4chan.org/diy/thread/2631979/remember-the-official-tool-list-before-buying#p2635545
2635741,"Jun-21-2023, 00:42:25",No Subject,"(REPLY) >>2635545
No idiot",Anonymous,False,http://boards.4chan.org/diy/thread/2631979/remember-the-official-tool-list-before-buying#p2635741
2635742,"Jun-21-2023, 00:42:57",No Subject,"(REPLY) >>2635741
Idiot, moron, same difference.",Anonymous,False,http://boards.4chan.org/diy/thread/2631979/remember-the-official-tool-list-before-buying#p2635742
2635743,"Jun-21-2023, 00:43:27",No Subject,"(REPLY) >>2635742
Kill yourself bot",Anonymous,False,http://boards.4chan.org/diy/thread/2631979/remember-the-official-tool-list-before-buying#p2635743
2635744,"Jun-21-2023, 00:44:09",No Subject,"(REPLY) >>2635743
Sucking that copium, huh?",Anonymous,False,http://boards.4chan.org/diy/thread/2631979/remember-the-official-tool-list-before-buying#p2635744
2635756,"Jun-21-2023, 01:25:22",No Subject,"(REPLY) >>2635744
Bot",Anonymous,False,http://boards.4chan.org/diy/thread/2631979/remember-the-official-tool-list-before-buying#p2635756
2635789,"Jun-21-2023, 04:24:27",No Subject,"(REPLY) >>2631979
truly a tool list",Anonymous,False,http://boards.4chan.org/diy/thread/2631979/remember-the-official-tool-list-before-buying#p2635789
2636064,"Jun-21-2023, 17:13:26",No Subject,"(REPLY) >>2631979
how come this forced meme shit is still in rotation?",Anonymous,False,http://boards.4chan.org/diy/thread/2631979/remember-the-official-tool-list-before-buying#p2636064
2636120,"Jun-21-2023, 19:15:38",No Subject,"(REPLY) >>2636064
Because it is the consensus on Tools

See >>2635789",Bepis,False,http://boards.4chan.org/diy/thread/2631979/remember-the-official-tool-list-before-buying#p2636120
2636199,"Jun-21-2023, 23:08:59",No Subject,"(REPLY) >>2636120
By people who don't own any tools.",Anonymous,False,http://boards.4chan.org/diy/thread/2631979/remember-the-official-tool-list-before-buying#p2636199
2636234,"Jun-22-2023, 01:05:21",No Subject,"(REPLY) >>2636199
Kill yourself idiotfucker",Anonymous,False,http://boards.4chan.org/diy/thread/2631979/remember-the-official-tool-list-before-buying#p2636234
2636244,"Jun-22-2023, 01:37:08",No Subject,"i just bought makita old style drill 
it costs twice as much as same spec bosch 
feel like i should've gone cheaper like b&d
buyers remorse is hell",Anonymous,False,http://boards.4chan.org/diy/thread/2631979/remember-the-official-tool-list-before-buying#p2636244
2636328,"Jun-22-2023, 07:56:21",No Subject,"(REPLY) >>2636234
Spotted a notools.",Anonymous,False,http://boards.4chan.org/diy/thread/2631979/remember-the-official-tool-list-before-buying#p2636328
2636617,"Jun-22-2023, 16:43:14",No Subject,>Makita not even listed,Clean Nintendo DS and cartridges,False,http://boards.4chan.org/diy/thread/2631979/remember-the-official-tool-list-before-buying#p2636617
2636619,"Jun-22-2023, 16:45:16",No Subject,"Whats wrong with Milwaukee? We abuse them at work, doesnt seem that bad.",Anonymous,False,http://boards.4chan.org/diy/thread/2631979/remember-the-official-tool-list-before-buying#p2636619
2636733,"Jun-22-2023, 21:00:22",No Subject,"(REPLY) >>2636619
Nothing, really. Solid lineup, good battery system. I'm a bit wary because of the fuckery recently with replacing the hammer/anvil assembly on 1/2"" impact wrenches with a cheaper design and calling it the same model with zero performance testing that lead to a lot of first-use breakages, but they're mostly good and compete on the same pro tier as DeWalt for a reason.
https://www.youtube.com/watch?v=iusVoa21daQ",Anonymous,False,http://boards.4chan.org/diy/thread/2631979/remember-the-official-tool-list-before-buying#p2636733
2636734,"Jun-22-2023, 21:07:26",No Subject,"(REPLY) >>2636619
nothing at all my dude. I run bosch for my drills and circular saw. Everything else is milwaukee

Bosch ain't the strongest but its autistically engineered",Anonymous,False,http://boards.4chan.org/diy/thread/2631979/remember-the-official-tool-list-before-buying#p2636734
2636740,"Jun-22-2023, 21:17:46",No Subject,"I prefer air tools
No, I won't elaborate",Anonymous,False,http://boards.4chan.org/diy/thread/2631979/remember-the-official-tool-list-before-buying#p2636740
2636747,"Jun-22-2023, 21:31:28",No Subject,"(REPLY) >>2633938
It's such consumerist shit. If it were all the same price of course I'd grab a track saw and a sander, but the prices are so insane for what it is. Your have to watch a few hours of YouTube before you start wanting one",Anonymous,False,http://boards.4chan.org/diy/thread/2631979/remember-the-official-tool-list-before-buying#p2636747
2636748,"Jun-22-2023, 21:32:09",No Subject,"(REPLY) >>2632067
I have this and I love it",Anonymous,False,http://boards.4chan.org/diy/thread/2631979/remember-the-official-tool-list-before-buying#p2636748
2636750,"Jun-22-2023, 21:33:39",No Subject,"(REPLY) >>2633551
Isn't Emerson owned by tti?",Anonymous,False,http://boards.4chan.org/diy/thread/2631979/remember-the-official-tool-list-before-buying#p2636750
2636752,"Jun-22-2023, 21:41:47",No Subject,"(REPLY) >>2634283
It's so stupid to categorize it by the entire brand. I'd go with DeWalt or Makita for my miter saw, Milwaukee for my M12 and M18 ratchets and impacts, festool for my sander, SnapOn for my sockets, and Ryobi or Ego for yard eauipment. I'm not buying DeWalt sockets or a Milwaukee table saw.",Anonymous,False,http://boards.4chan.org/diy/thread/2631979/remember-the-official-tool-list-before-buying#p2636752
2636761,"Jun-22-2023, 21:58:11",No Subject,"I love me some metabo.
But I am from Germany and US bros just have the hpt knockoff bs.

Bosch blue is a meme here for professionals. But it is popular in the diy community. Professionals usually use makita instead.

Würth is another thing professionals use often, mostly because of their support and infrastructure. The specs are fine, but not outstanding. No Würth for diy peeps tho. Pricing for private buyers is through the roof.

DeWalt is pure marketing. Breaks easily and support is meh. Also the tools are often too heavy. DeWalt is nice if you wanna brag about who screws faster. But if you are working with it and are putting in several hundred screws a day, then DeWalt is downright inferior to more comfortable tool brands with lighter weight. In b4 muh masculinity!",Anonymous,False,http://boards.4chan.org/diy/thread/2631979/remember-the-official-tool-list-before-buying#p2636761
2636765,"Jun-22-2023, 22:07:29",No Subject,"(REPLY) >>2636752
>festool for my sander
Even there, Mirka or 3M are probably better choices. They do make great Dust Extractors, and the Domino is currently the only tool that does loose tenons so fast, easy, and repeatably.",Anonymous,False,http://boards.4chan.org/diy/thread/2631979/remember-the-official-tool-list-before-buying#p2636765
2636857,"Jun-23-2023, 03:35:23",No Subject,"(REPLY) >>2636765
Shut up idiot",Anonymous,False,http://boards.4chan.org/diy/thread/2631979/remember-the-official-tool-list-before-buying#p2636857
2636924,"Jun-23-2023, 08:21:44",No Subject,"(REPLY) >>2636857
No actual arguments?",Anonymous,False,http://boards.4chan.org/diy/thread/2631979/remember-the-official-tool-list-before-buying#p2636924
2636979,"Jun-23-2023, 10:29:46",No Subject,"(REPLY) >>2636924
Spotted the tranny",Anonymous,False,http://boards.4chan.org/diy/thread/2631979/remember-the-official-tool-list-before-buying#p2636979
2636983,"Jun-23-2023, 10:34:35",No Subject,"(REPLY) >>2631979
swap bosh green and makita and it would be pretty accurate. Also buying milwaukee for personal use is retarded",Anonymous,False,http://boards.4chan.org/diy/thread/2631979/remember-the-official-tool-list-before-buying#p2636983
2636988,"Jun-23-2023, 10:40:56",No Subject,I like my ryobi tools cos they're a cool colour,Anonymous,False,http://boards.4chan.org/diy/thread/2631979/remember-the-official-tool-list-before-buying#p2636988
2636997,"Jun-23-2023, 11:06:53",No Subject,"(REPLY) >>2631979
>Snap On
>poverty
You're right.",Anonymous,False,http://boards.4chan.org/diy/thread/2631979/remember-the-official-tool-list-before-buying#p2636997
2637019,"Jun-23-2023, 12:12:44",No Subject,"(REPLY) >>2636983
Is bosch green the “homeowner” grade, or is it made somewhere undesirable or known for low quality?

Germans seem to like metabo but they’re made in russia so they might change their mind whan the literal fallout hits them.",Anonymous,False,http://boards.4chan.org/diy/thread/2631979/remember-the-official-tool-list-before-buying#p2637019
2637020,"Jun-23-2023, 12:14:17",No Subject,"(REPLY) >>2637019
Green is their best and blue is for losers",Anonymous,False,http://boards.4chan.org/diy/thread/2631979/remember-the-official-tool-list-before-buying#p2637020
2637023,"Jun-23-2023, 12:17:46",No Subject,imagine falling for the powertool noses,Anonymous,False,http://boards.4chan.org/diy/thread/2631979/remember-the-official-tool-list-before-buying#p2637023
2637032,"Jun-23-2023, 12:28:51",No Subject,"(REPLY) >>2632127
>muh sellout
and metabo rides on the legacy of Electra beckum and genko. Since founding they blatant ripped off everything and were not once innovative. Today, beside drills and grinder, Metabo used to be trash tier. But since two decades they build Electra beckum gear with a different paint job and some penny pinching.
however some stuff like their random orbit sanders are still made in nürtingen, good stuff",Anonymous,False,http://boards.4chan.org/diy/thread/2631979/remember-the-official-tool-list-before-buying#p2637032
2637040,"Jun-23-2023, 12:38:25",No Subject,"(REPLY) >>2637023
>imagine falling for the powertool noses",Anonymous,False,http://boards.4chan.org/diy/thread/2631979/remember-the-official-tool-list-before-buying#p2637040
2637043,"Jun-23-2023, 12:43:22",No Subject,"(REPLY) >>2637019
Most of the stuff isn't made in Germany, their main business afaik are parts for cars.
I've got a green bit set lying around and that's made in Vietnam.",Anonymous,False,http://boards.4chan.org/diy/thread/2631979/remember-the-official-tool-list-before-buying#p2637043
2637045,"Jun-23-2023, 12:46:22",No Subject,"(REPLY) >>2637043
>Most of the stuff isn't made in Germany, their main business afaik are parts for cars.
>I've got a green bit set lying around and that's made in Vietnam.",Anonymous,False,http://boards.4chan.org/diy/thread/2631979/remember-the-official-tool-list-before-buying#p2637045
2637048,"Jun-23-2023, 12:52:16",No Subject,"(REPLY) >>2637045
Was fürne Marke shillst du? Deinen ami gruscht?",Anonymous,False,http://boards.4chan.org/diy/thread/2631979/remember-the-official-tool-list-before-buying#p2637048
2637049,"Jun-23-2023, 12:53:03",No Subject,"(REPLY) >>2637048
Nazi scum",Anonymous,False,http://boards.4chan.org/diy/thread/2631979/remember-the-official-tool-list-before-buying#p2637049
2637056,"Jun-23-2023, 13:01:55",No Subject,"(REPLY) >>2637045
>>Most of the stuff isn't made in Germany, their main business afaik are parts for cars.
here's the 2021 overview. and even Hilti doesn't solely produce in Germany although I've heard they're extremely robust",Anonymous,False,http://boards.4chan.org/diy/thread/2631979/remember-the-official-tool-list-before-buying#p2637056
2637064,"Jun-23-2023, 13:14:58",No Subject,"(REPLY) >>2637056
Fuck off
Spotted the dewalt tranny shill",Anonymous,False,http://boards.4chan.org/diy/thread/2631979/remember-the-official-tool-list-before-buying#p2637064
2637084,"Jun-23-2023, 14:03:08",No Subject,"(REPLY) >>2637064
I'm German you fucktard, I don't even know if that DeWalt crap is available here. Pretty pointless anyway when you can get Bosch, Hilti and Makita anywhere.",Anonymous,False,http://boards.4chan.org/diy/thread/2631979/remember-the-official-tool-list-before-buying#p2637084
2637112,"Jun-23-2023, 14:58:39",No Subject,"(REPLY) >>2637084
https://www.auspreiser.de/preise?gclid=EAIaIQobChMIwL__1Zba_wIVAwDmCh2ZPw-zEAAYAiAAEgIABfD_BwE&tpid=43&kwcat=21721&q=dewalt%20shop&utm_campaign=&utm_medium=&kwtype=keyword&device=m&utm_source=",Anonymous,False,http://boards.4chan.org/diy/thread/2631979/remember-the-official-tool-list-before-buying#p2637112
2637117,"Jun-23-2023, 15:06:13",No Subject,"(REPLY) >>2632084
Ridgid cordless is TTI. They lease the name from Emerson, who manufactures Ridgid plumbing tools.",Anonymous,False,http://boards.4chan.org/diy/thread/2631979/remember-the-official-tool-list-before-buying#p2637117
2637122,"Jun-23-2023, 15:10:00",No Subject,"(REPLY) >>2637117
Yeah that chart is very simplified and misleading for dumb people. Like Home Depot and Lowe’s own Husky and Kobalt, but all of their tools are actually manufactured by other companies that may or may not be on that chart.",Kevin Van Dam,False,http://boards.4chan.org/diy/thread/2631979/remember-the-official-tool-list-before-buying#p2637122
2637123,"Jun-23-2023, 15:10:47",No Subject,"(REPLY) >>2637122
Shut the fuck up stupid dumb europoor",Anonymous,False,http://boards.4chan.org/diy/thread/2631979/remember-the-official-tool-list-before-buying#p2637123
2637142,"Jun-23-2023, 15:44:32",No Subject,"BOSCH repair parts are almost the cost of a brand-new tool.
>hur dur, just throw away and buy a new one, it's cheap
No, I refuse to live in a rentoid world.",Anonymous,False,http://boards.4chan.org/diy/thread/2631979/remember-the-official-tool-list-before-buying#p2637142
2637154,"Jun-23-2023, 16:01:15",No Subject,"(REPLY) >>2637142
Spotted the hilti tranny
Kys",Anonymous,False,http://boards.4chan.org/diy/thread/2631979/remember-the-official-tool-list-before-buying#p2637154
2637157,"Jun-23-2023, 16:06:01",No Subject,"(REPLY) >>2637142
I mean if you’re looking for an older DeWalt drill and a trigger assembly or motor goes out, it might be $60 when you can get a brand new drill and battery for $99. And that’s if parts are available. Gotta weigh your options. Certain tools are so cheap, especially cordless tools, because they’re often sold as loss leaders to get you stuck on the battery platform.
 
Popular models often have parts on ebay or amazon for cheap though, that’s always sweet. Like my neighbor gave me a Ryobi 18V saw with a dead trigger and it was a common model they sell with tons of starter kits so Amazon had the trigger for like $10 shipped.",Kevin Van Dam,False,http://boards.4chan.org/diy/thread/2631979/remember-the-official-tool-list-before-buying#p2637157
2637224,"Jun-23-2023, 17:52:32",No Subject,"(REPLY) >>2637157
Unless you got the rare defective one, though, unless you're constantly using every day by the time you break a DeWalt you're probably going to be looking to upgrade anyways. And if you buy a brushed model in 2023 I kind of feel bad for you, since current models are way more powerful, smaller and lighter, and last longer on the same batteries. But so many people still have fully functional old 18V tools that they have adapters right out on sale to put current 20V batteries in them that it's hard to buy the haters' ideas.",Anonymous,False,http://boards.4chan.org/diy/thread/2631979/remember-the-official-tool-list-before-buying#p2637224
2638020,"Jun-25-2023, 02:28:00",No Subject,"(REPLY) >>2631979
Bosch, Hilti, Metabo and 
Stihl are all German ones. I am from Germany and.. Yeah as I bought my very first own driller it had to be one of bosch. In the store the seller advised me a makita, would be better, stronger etc etc. Even the companies renovating houses use more often makita than bosch. (saw that often). Now... Was young and bought my bosch. (blue prof). And it was a bad experience, the power is .. Hm.. Weakly.. The motor rattling. Changed it a week later. Seller told me bosch let's most parts produce in China. So nothing German at all. I was so disappointed about ""muh German company"". And all that on my first driller. 
BUT: Metabo is not low to middle tier shit. It's a very consistent company in Baden-Württemberg near the ""swabia alps"" (hope I pronounced it right) , make their stuff there, no China, products very stable. Lived a mile next to them a few years ago and knew many people working their in my neighborhood. It's more like a traditional family company with high quality products but less PR and oversea relations.
However, my dad uses to use AEG (German to) and his like 40 years old driller works as he bought it just yesterday.",Anonymous,False,http://boards.4chan.org/diy/thread/2631979/remember-the-official-tool-list-before-buying#p2638020
2638040,"Jun-25-2023, 03:39:31",No Subject,Holy based,Anonymous,False,http://boards.4chan.org/diy/thread/2631979/remember-the-official-tool-list-before-buying#p2638040
2638041,"Jun-25-2023, 03:41:13",No Subject,This is why bosch is best,Anonymous,False,http://boards.4chan.org/diy/thread/2631979/remember-the-official-tool-list-before-buying#p2638041
2638045,"Jun-25-2023, 04:20:04",No Subject,"(REPLY) >>2631979
>Dremel is a brand name
wtf",Anonymous,False,http://boards.4chan.org/diy/thread/2631979/remember-the-official-tool-list-before-buying#p2638045
2638060,"Jun-25-2023, 05:20:49",No Subject,"(REPLY) >>2638045
It is?",Anonymous,False,http://boards.4chan.org/diy/thread/2631979/remember-the-official-tool-list-before-buying#p2638060
2638105,"Jun-25-2023, 07:59:34",No Subject,"(REPLY) >>2631979
There are two boschs?",Anonymous,False,http://boards.4chan.org/diy/thread/2631979/remember-the-official-tool-list-before-buying#p2638105
2638128,"Jun-25-2023, 08:57:45",No Subject,"(REPLY) >>2638105
The green one is sold in Yurop and it’s their homeowner Black & Decker 12V tier tools. I think the green Bosch 12V batteries can be used with certain Dremel 12V tools? Something like that is compatible.",Kevin Van Dam,False,http://boards.4chan.org/diy/thread/2631979/remember-the-official-tool-list-before-buying#p2638128
2638185,"Jun-25-2023, 11:25:24",No Subject,"I always thought it was :
Ryobi for home
Bosch blue for pro in EU
Milwaukee for pro in USA
Festool for woodworks

I'm in EU and it's a pain to find Milwaukee (the backpack is fantastic) so for now I stick with Ryobi for my personal use, Bosch blue (the electric screwdriver is awesome) for my work.",Anonymous,False,http://boards.4chan.org/diy/thread/2631979/remember-the-official-tool-list-before-buying#p2638185
2638195,"Jun-25-2023, 11:40:36",No Subject,"(REPLY) >>2638185
in the US it seems like electricians and hvac guys use milwaukee and the rest of the trades use dewalt.(with a few exceptions)
the milwaukee tools have like a $40 premium over dewalts so its more expensive to build a set and more painful when one breaks. electricians and hvac guys generally have clean jobs and are better able to take care of their tools so its ok. also dewalt has the high power cordless tool market cornered with its 60v system, milwaukee has still no answer to this so many years on.
exceptions off the top of my head: the milwaukee corded reciprocating saw is the only recip worth buying.
the bosch hammer drills are the only ones worth buying.",Anonymous,False,http://boards.4chan.org/diy/thread/2631979/remember-the-official-tool-list-before-buying#p2638195
2638201,"Jun-25-2023, 11:55:35",No Subject,"(REPLY) >>2631979
Did bosch finally make batteries that don't suck?",Anonymous,False,http://boards.4chan.org/diy/thread/2631979/remember-the-official-tool-list-before-buying#p2638201
2638227,"Jun-25-2023, 12:50:42",No Subject,"(REPLY) >>2638195
>the bosch hammer drills are the only ones worth buying.
Either this or Hilti.",Anonymous,False,http://boards.4chan.org/diy/thread/2631979/remember-the-official-tool-list-before-buying#p2638227
2638228,"Jun-25-2023, 12:52:20",No Subject,"(REPLY) >>2638195
>Milwaukee has still no answer
Milwaukee’s big 18V packs keep up with the DeWalt Flexvolt in most situations. Remember that the FlexVolt packs are 15 cells in series, Milwaukee will sell you a 12.0 pack that is the same fuckin thing as some larger Flexvolt packs but wired in a different way.

Also Milwaukee has MX Fuel for real big tools that would normally be run off gasoline.",Kevin Van Dam,False,http://boards.4chan.org/diy/thread/2631979/remember-the-official-tool-list-before-buying#p2638228
2638229,"Jun-25-2023, 12:53:16",No Subject,"(REPLY) >>2638227
hilti is good i have used it but its super expensive stuff tradies aren't going to buy. a guy who owns a blue collar business might.
also you have to go through a hilti dealer. a lot is to be said for being able to walk into any home depot, lowes, or ace hardware in the country and buy a battery for your tool or another tool for your battery.",Anonymous,False,http://boards.4chan.org/diy/thread/2631979/remember-the-official-tool-list-before-buying#p2638229
2638231,"Jun-25-2023, 13:04:42",No Subject,"(REPLY) >>2638227
Just make sure to stay away from these:

TE50-V2: TE40 gearbox that can't survive SDS-Max drills
TE30 (brushless) - Rotor shield bearing breaks too easily, floods the motor with oil
TE70-V3: Retarded gearbox design where pinion and bevel won't align because the bevel sits on a plastic bushing, noisy magnetic coupling

t. ex-repaircuck @ Hilti",Anonymous,False,http://boards.4chan.org/diy/thread/2631979/remember-the-official-tool-list-before-buying#p2638231
2638273,"Jun-25-2023, 14:36:03",No Subject,"(REPLY) >>2638195
I've got DeWalt cordless tools, but I went with Bosch for a corded random orbit sander. $59 and outperforms basically every other sander in the price range. Decently comfortable in use, too.

>>2638228
Those are just big 18v batteries, while Flexvolt actually provides triple the voltage for the heavy-duty tools. If you compare the 16"" chainsaws being sold tool-only, the Milwaukee is $40 more for a tool with a weaker motor. But the factor to consider isn't just ""which is better on a tool by tool basis.""

Getting multiple brands of tools can get expensive fast, and it's always cheaper to get a few bundles with batteries to start then add bare tools later on, unless you find a really good deal on a bundle later (I was going to get the jigsaw/router combo HD had when it came with two 6AH batteries, but the dropped the batteries but kept the pair at the same price, well above what they're at separate on Amazon) But the drill with hammer mode and 850 Impact driver + 2 4AH batteries at $320 was a solid deal. Just the batteries/bag/charger they came with was basically $200 in free stuff. So you have to think and weigh the entire system and what you want out of it instead of just one tool.",Anonymous,False,http://boards.4chan.org/diy/thread/2631979/remember-the-official-tool-list-before-buying#p2638273
2638373,"Jun-25-2023, 17:51:21",No Subject,"Which brand would you recommends in 12V ?
DIY / Pro / EU / USA",Anonymous,False,http://boards.4chan.org/diy/thread/2631979/remember-the-official-tool-list-before-buying#p2638373
2638405,"Jun-25-2023, 19:01:48",No Subject,"(REPLY) >>2638373
Generally? I wouldn't recommend 12V unless you just need a bare minimum tool for occasional stuff like putting in a drywall anchor or need a compact tool to keep handy.

That said, it seems like Milwaukee and Makita are the two brands with the most extensive 12v tool systems, but it's still going to do you a lot better to just get Ryobi 18v if you're really at that pricing level, they're less expensive, good enough quality for DIY, and will be more powerful than the 12V tools.",Anonymous,False,http://boards.4chan.org/diy/thread/2631979/remember-the-official-tool-list-before-buying#p2638405
2638407,"Jun-25-2023, 19:06:06",No Subject,"(REPLY) >>2638273
>triple the voltage
If you understand electricity, it doesn’t mean that much. Not even going to read that whole longpost until you understand that an 18V 12.0Ah pack = 36V/40V 6.0Ah = 60V 4.0Ah, except DeWalt does their marketing BS where they call it a 60V 9.0Ah pack when it’s really 9.0Ah @ 18V and 3.0Ah @ 56V

>>2638373
The only brand that has a 12V lineup worth a damn is Milwaukee. And you shouldn’t buy into a 12V setup first, you should get all of the main 18V tools first and if you’re in a trade where you need specific compact tools, then get down on some 12V stuff for those jobs where you won’t need a full size saw or anything.

If you buy into Bosch or Makita or DeWalt 12V, even Milwaukee 12V as your first cordless tool, you will never be able to use those batteries on a regular 6-1/2” or 7-1/4” saw or full size sawzall or 4.5” angle grinder.",Kevin Van Dam,False,http://boards.4chan.org/diy/thread/2631979/remember-the-official-tool-list-before-buying#p2638407
2638408,"Jun-25-2023, 19:08:37",No Subject,"(REPLY) >>2638405
+1 except the part about Makita, their 12V line is awful as well. Milwaukee is the only 12V line that has tools worth buying. Makita did that retarded thing where they switched from a 12V barrel pack like Milwaukee to a slide pack so now they can’t even make 12V ratchets or multitools with a slim body like Milwaukee. And since Makita is retarded, their 12V slide packs don’t use the same charger as the 18V like DeWalt does with their multi-volt chargers.",Kevin Van Dam,False,http://boards.4chan.org/diy/thread/2631979/remember-the-official-tool-list-before-buying#p2638408
2638409,"Jun-25-2023, 19:09:31",No Subject,"(REPLY) >>2638407
>If you understand electricity, it doesn’t mean that much. Not even going to read that whole longpost until you understand that an 18V 12.0Ah pack = 36V/40V 6.0Ah = 60V 4.0Ah, except DeWalt does their marketing BS where they call it a 60V 9.0Ah pack when it’s really 9.0Ah @ 18V and 3.0Ah @ 56V
And everyone buying it understands that on the AH rating. But the reality is that the 60V tools often outperform even the corded models.",Anonymous,False,http://boards.4chan.org/diy/thread/2631979/remember-the-official-tool-list-before-buying#p2638409
2638410,"Jun-25-2023, 19:12:52",No Subject,"(REPLY) >>2638408
Yep, at work (small IT department) we've got a basic Makita drill/driver set with the old barrel batteries, and they work great for little stuff like rackmount screws and so on. But I bring in my big boy DeWalts for any serious stuff now, like mounting TVs and video conferencing installs on which can include some tough tasks like putting holes in cabinets and conference tables.",Anonymous,False,http://boards.4chan.org/diy/thread/2631979/remember-the-official-tool-list-before-buying#p2638410
2638411,"Jun-25-2023, 19:15:54",No Subject,"(REPLY) >>2638409
There’s like 3 or 4 60V tools, and Milwaukee realized that you could get it done with an 18V pack because it’s the same power in that battery pack.",Kevin Van Dam,False,http://boards.4chan.org/diy/thread/2631979/remember-the-official-tool-list-before-buying#p2638411
2638542,"Jun-26-2023, 02:13:58",No Subject,"(REPLY) >>2638405
>>2638407
I have a 18V Ryobi set but I don't use it that often and it's big for my use-case, so I was thinking of selling/gifting the set and buying something smaller for the rare occasion.
Milwaukee and DeWalt are really hard to find at retail prices here so it's mostly Makita Bosch or AEG (=Rigdid right ?) for 12V I guess",Anonymous,False,http://boards.4chan.org/diy/thread/2631979/remember-the-official-tool-list-before-buying#p2638542
2638550,"Jun-26-2023, 03:04:59",No Subject,"(REPLY) >>2638542
Of those, Bosch 12v, the blue ones. They have nice little impact drivers and assembly drivers.",Kevin Van Dam,False,http://boards.4chan.org/diy/thread/2631979/remember-the-official-tool-list-before-buying#p2638550
2638562,"Jun-26-2023, 04:12:13",No Subject,"(REPLY) >>2638542
>12v tools
Are you a weak little girl? Cringe",Anonymous,False,http://boards.4chan.org/diy/thread/2631979/remember-the-official-tool-list-before-buying#p2638562
2638684,"Jun-26-2023, 11:07:33",No Subject,I'm a harbor freight guy. Yeah chicago electric is good enough for me.,Anonymous,False,http://boards.4chan.org/diy/thread/2631979/remember-the-official-tool-list-before-buying#p2638684
2639008,"Jun-26-2023, 21:00:35",No Subject,"(REPLY) >>2638128
Nonsense, blue are sold in Europe (at least in Germany) too.bought some blue stuff over the years.",Anonymous,False,http://boards.4chan.org/diy/thread/2631979/remember-the-official-tool-list-before-buying#p2639008
2639051,"Jun-26-2023, 22:47:02",No Subject,"Table saw, laser level, miter saw - Bosch
Circular saw - old Milwaukee or skilsaw or makita
Battery tools: dewalt because fuck buying multiple batteries
Grinder: Makita
Hand electric planer: Makita
Levels: Stabila, anything else is a waste of money
Corded hammer drill: Bosch
Nail guns will all jam so they all suck cock but get a palm nailer its essential",Anonymous,False,http://boards.4chan.org/diy/thread/2631979/remember-the-official-tool-list-before-buying#p2639051
2639065,"Jun-26-2023, 23:12:55",No Subject,"(REPLY) >>2637122
You can bypass the markup buying straight from the company, while still supporting three American company (if concerned), picrel. 
Trusty-cook makes deadblow hammers that SnapOn puts their name on. There see other smaller names that are niche, and not quickly purchased at the big box stores (Whiteside router bits, etc).",Anonymous,False,http://boards.4chan.org/diy/thread/2631979/remember-the-official-tool-list-before-buying#p2639065
2639136,"Jun-27-2023, 03:14:25",No Subject,"(REPLY) >>2639008
Never said blue wasn’t sold in Yurop. I said Green is sold in Yurop and not in North America.",Kevin Van Dam,False,http://boards.4chan.org/diy/thread/2631979/remember-the-official-tool-list-before-buying#p2639136
2639434,"Jun-27-2023, 17:23:46",No Subject,Kobalt master race,Anonymous,False,http://boards.4chan.org/diy/thread/2631979/remember-the-official-tool-list-before-buying#p2639434
2639436,"Jun-27-2023, 17:44:57",No Subject,"(REPLY) >>2632360
Insufferable.",Anonymous,False,http://boards.4chan.org/diy/thread/2631979/remember-the-official-tool-list-before-buying#p2639436
2639523,"Jun-27-2023, 21:33:49",No Subject,"(REPLY) >>2631979

Born and raised poor as hell my first power tool was a 18v Coleman drill from Biglots. I was so proud of it, it was pretty good for what it was. 15 years later and I'm all Black & Decker now. Saw's + almost every 20v tool they got. I love my Black & Decker tools they get the job done.",Anonymous,False,http://boards.4chan.org/diy/thread/2631979/remember-the-official-tool-list-before-buying#p2639523
2639807,"Jun-28-2023, 12:40:26",No Subject,"(REPLY) >>2639136
Oh, you're right, sorry. But why? I know the green ones are the ""long life"" ones.. Is it cause the American market is a very fast short living market where stable products aren't a ""good thing"" for the sellers? (I mean it isnt a good thing for the company anyways, that's why they build cheap parts, that will break with time, one or two pieces at least, in the machines so you have to buy a new one)",Anonymous,False,http://boards.4chan.org/diy/thread/2631979/remember-the-official-tool-list-before-buying#p2639807
2639829,"Jun-28-2023, 13:09:28",No Subject,"(REPLY) >>2636747
I watched AvE do a tear down, and then I didn't want one any more.",Anonymous,False,http://boards.4chan.org/diy/thread/2631979/remember-the-official-tool-list-before-buying#p2639829
2639831,"Jun-28-2023, 13:11:35",No Subject,"(REPLY) >>2633551
I thought the whole point of the rebrand from Hitachi to Metabo was because they sold off their tools division to another company?",Anonymous,False,http://boards.4chan.org/diy/thread/2631979/remember-the-official-tool-list-before-buying#p2639831
2639833,"Jun-28-2023, 13:13:57",No Subject,"(REPLY) >>2634383
I was looking into toughsystem, and then I saw that they have 1.0 and 2.0 that aren't compatible, and that they both have different types of accessories.",Anonymous,False,http://boards.4chan.org/diy/thread/2631979/remember-the-official-tool-list-before-buying#p2639833
2639834,"Jun-28-2023, 13:16:40",No Subject,"(REPLY) >>2639807
>long life
No, the green Bosch is like weekender tier tools, they’re cheaper and built to a lower standard than blue Bosch. The blue Bosch is definitely going to last longer than the green Bosch.

As fas as why they’re not sold in the US, I’m not sure. Home Depot already has Ryobi for those homeowner tools and they don’t even sell 18V blue tools, only a handful of corded tools like the Bulldog. Lowes is the #2 store and they sell some blue Bosch cordless, but not very prominently compared to DeWalt-Craftsman. They have Skil and Craftsman and maybe Kobalt for the homeowner tools, I guess Bosch doesn’t think it’s worth pushing the cheaper green tools into this market. Both of those stores sell Dremel stuff which is part of Bosch, but even Home Depot replaced lots of that with Ryobi lately. Also DeWalt and the other contractor grade tools are pretty affordable and Ryobi kits are so cheap which seems different compared to Yurop, it would cost Bosch a lot of money to get into stores with the budget tools.",Kevin Van Dam,False,http://boards.4chan.org/diy/thread/2631979/remember-the-official-tool-list-before-buying#p2639834
2639836,"Jun-28-2023, 13:18:10",No Subject,"(REPLY) >>2638411
Those chink grinders don't keep up with the 60v version, and you can pry my flexvolt miter saw from my cold dead hands.",Anonymous,False,http://boards.4chan.org/diy/thread/2631979/remember-the-official-tool-list-before-buying#p2639836
2639841,"Jun-28-2023, 13:26:05",No Subject,"(REPLY) >>2639836
Get on my level!",Kevin Van Dam,False,http://boards.4chan.org/diy/thread/2631979/remember-the-official-tool-list-before-buying#p2639841
2639923,"Jun-28-2023, 16:01:10",No Subject,"(REPLY) >>2637049
Fuck you you dumb piece of shit. Wouldn't be an ocean between us I would catch and torture you to death.",Anonymous,False,http://boards.4chan.org/diy/thread/2631979/remember-the-official-tool-list-before-buying#p2639923
2639926,"Jun-28-2023, 16:03:39",No Subject,"(REPLY) >>2637048
Und was ist mit dir du spastiker? ""gruscht""? Bist du zu blöde oder trend-gesteuert? Bist du ebenso ein nigger der meint er wäre deutscher? Wie ich so ein dreckspack hasse!",Anonymous,False,http://boards.4chan.org/diy/thread/2631979/remember-the-official-tool-list-before-buying#p2639926
2639931,"Jun-28-2023, 16:09:53",No Subject,"(REPLY) >>2639834
Hm... So it's more a marketing thing? I mean: thing is good, let's make another thing in another color, to get another market..but the quality is the same. Bosch hasn't a good standing point and thats bosch's counteroffence?",Anonymous,False,http://boards.4chan.org/diy/thread/2631979/remember-the-official-tool-list-before-buying#p2639931
