{
    "posts": [
        {
            "no": 2639039,
            "now": "06/26/23(Mon)23:06:06",
            "name": "Anonymous",
            "sub": "/3dpg/ &gt;3dpg in charge of print orientation edition",
            "com": "Last Thread: <a href=\"/diy/thread/2635062#p2635062\" class=\"quotelink\">&gt;&gt;2635062</a><br><br>All the outdated info you don&#039;t need about /3Dpg/-printing (Last updated 911 days ago): https://pastebin.com/AKqpcyN5<br><span class=\"quote\">&gt;Your print failed? Go to:</span><br>https://www.simplify3d.com/support/<wbr>print-quality-troubleshooting/<br><br><span class=\"quote\">&gt;Calibrate your printer.</span><br>https://teachingtechyt.github.io/ca<wbr>libration.html<br><br>If that doesn&#039;t help you solve your problems, post:<br><span class=\"quote\">&gt;A picture of the failed part</span><br><span class=\"quote\">&gt;Printer make &amp; model</span><br><span class=\"quote\">&gt;Filament type/brand</span><br><span class=\"quote\">&gt;Slicer &amp; slicer settings</span><br><br><span class=\"quote\">&gt;What printer should I buy? [32/72/5 :detadpU tsaL]</span><br>Do your own research, these are just popular and available options, don&#039;t buy a $1000 bedslinger:<br>Up to 200 USD: Kingroon KP3S, Sovol SV01, Voxelab Aquila X2, Anycubic Kobra Neo, ELEGOO Neptune 2S, Malyan M300/Monoprice Mini Delta<br>Up to 300 USD: Kingroon KP3S Pro/Pro S1, Sovol SV06, Creality Ender 3 V2 Neo, Elegoo Neptune 3<br>Up to 400 USD: Creality Ender 3 S1, Sovol SV01 Pro, Artillery Sidewinder SW-X2<br>Up to 500 USD: Creality Ender 3 S1 Pro, Prusa MINI+, FLSUN Super Racer<br>Up to 500 USD Large-Format: Anycubic Kobra Max, Elegoo Neptune 3 Max<br>Up to 800 USD: Bambu Lab P1P, Prusa MK4 kit<br>Over 1000 USD: Bambu Lab X1 Carbon, Ultimaker, Lulzbot, Raise3D<br>DIY: Voron, Rat Rig, Ultimaker/2/3, https://reprap.org/wiki/<br>SLA: Creality HALOT-ONE/LD-002H, Anycubic Photon Mono/X/4K, Elegoo Mars 3/Saturn 2, Formlabs Form 3/3L<br><br><span class=\"quote\">&gt;Where can I get things to print?</span><br>https://www.thingiverse.com/<br>https://thangs.com/<br>https://printables.com/<br>https://grabcad.com/<br>https://google.com/<br>https://www.yeggi.com/<br>https://cults3d.com/<br>T*legr*m<br><br><span class=\"quote\">&gt;What CAD software should I use?</span><br>Free to anyone: Fusion360, Onshape, TinkerCAD, FreeCAD<br>Free to me: Autodesk Inventor, AutoCAD, Solidworks, Rhino, Solid Edge<br>Autistic /g/oobers: OpenSCAD, OpenJSCAD<br>Mesh free-forming and modeling: Blender<br>Architects: Sketchup<br><br><span class=\"quote\">&gt;What slicer should I use?</span><br>For everyone: Cura, PrusaSlicer, BambuStudio for P1P/X1 owners.<br>For enthusiasts: SuperSlicer, OrcaSlicer<br>For autists: Pleccer/SuperPleccer, Kiri:Moto, FullControl",
            "filename": "BeFunky-collage",
            "ext": ".jpg",
            "w": 3264,
            "h": 3264,
            "tn_w": 250,
            "tn_h": 250,
            "tim": 1687835166774485,
            "time": 1687835166,
            "md5": "O4xIx/5yPzbsEguJPyztwQ==",
            "fsize": 3135241,
            "resto": 0,
            "bumplimit": 0,
            "imagelimit": 0,
            "semantic_url": "3dpg-3dpg-in-charge-of-print-orientation-edition",
            "replies": 99,
            "images": 18,
            "unique_ips": 28
        },
        {
            "no": 2639056,
            "now": "06/26/23(Mon)23:51:58",
            "name": "Anonymous",
            "com": "What is the best material and why is it Polycarbonate?",
            "time": 1687837918,
            "resto": 2639039
        },
        {
            "no": 2639075,
            "now": "06/27/23(Tue)00:35:11",
            "name": "Anonymous",
            "com": "<a href=\"#p2639056\" class=\"quotelink\">&gt;&gt;2639056</a><br>You should try some Taulman PCTPE, it&#039;s crazy flexible but still pretty rigid. A thin sheet of it is hard to tear as well. It&#039;s more like Nylon than a lot of printed nylons are.<br><br>But of course, it&#039;s hard to print.",
            "filename": "PCTPE1",
            "ext": ".jpg",
            "w": 768,
            "h": 1020,
            "tn_w": 94,
            "tn_h": 125,
            "tim": 1687840511274925,
            "time": 1687840511,
            "md5": "Oqqp0kN5hpqR24H7BSk9gQ==",
            "fsize": 437302,
            "resto": 2639039
        },
        {
            "no": 2639077,
            "now": "06/27/23(Tue)00:36:36",
            "name": "Anonymous",
            "com": "<a href=\"#p2639075\" class=\"quotelink\">&gt;&gt;2639075</a><br><a href=\"#p2639056\" class=\"quotelink\">&gt;&gt;2639056</a><br>one thing I noticed is that layer adhesion wasn&#039;t that great. But I still don&#039;t know how to print it right.<br><br><span class=\"quote\">&gt;need bambu preset for PCTPE</span>",
            "time": 1687840596,
            "resto": 2639039
        },
        {
            "no": 2639079,
            "now": "06/27/23(Tue)00:44:20",
            "name": "Anonymous",
            "com": "have there been any huge improvements to sla in the last few years similar to how it was when the x1 released? been thinking about getting one but haven&#039;t been following sla at all so kinda curious.",
            "time": 1687841060,
            "resto": 2639039
        },
        {
            "no": 2639083,
            "now": "06/27/23(Tue)00:53:13",
            "name": "Anonymous",
            "com": "The other thread is gonna be up for days.",
            "time": 1687841593,
            "resto": 2639039
        },
        {
            "no": 2639087,
            "now": "06/27/23(Tue)01:00:34",
            "name": "Anonymous",
            "com": "<a href=\"#p2639079\" class=\"quotelink\">&gt;&gt;2639079</a><br>Just higher resolution achieved mainly by shrinking the print area instead of increasing the panel&#039;s pixel density. So if you want to print mini-wafu&#039;s much improvement has been made.",
            "time": 1687842034,
            "resto": 2639039
        },
        {
            "no": 2639100,
            "now": "06/27/23(Tue)01:40:36",
            "name": "Anonymous",
            "com": "<a href=\"#p2639039\" class=\"quotelink\">&gt;&gt;2639039</a><br><span class=\"quote\">&gt;(Last updated 911 days ago):</span><br>It&#039;s 930 now.",
            "time": 1687844436,
            "resto": 2639039
        },
        {
            "no": 2639111,
            "now": "06/27/23(Tue)02:27:49",
            "name": "Anonymous",
            "com": "what are good settings for printing petg on a bowden printer? can i just use the same ones i use for pla?",
            "time": 1687847269,
            "resto": 2639039
        },
        {
            "no": 2639113,
            "now": "06/27/23(Tue)02:32:31",
            "name": "Anonymous",
            "com": "<a href=\"#p2639111\" class=\"quotelink\">&gt;&gt;2639111</a><br>Just use a default profile as a starting point, otherwise your PLA settings will probably be fine aside from the temperature.",
            "time": 1687847551,
            "resto": 2639039
        },
        {
            "no": 2639129,
            "now": "06/27/23(Tue)03:29:38",
            "name": "Anonymous",
            "com": "Oh boy the P1P is on sale for $600!<br><br>Great starter printer for people who can&#039;t afford something better like the Prusa MK4.",
            "time": 1687850978,
            "resto": 2639039
        },
        {
            "no": 2639132,
            "now": "06/27/23(Tue)03:54:15",
            "name": "Anonymous",
            "com": "<a href=\"#p2639039\" class=\"quotelink\">&gt;&gt;2639039</a><br><span class=\"quote\">&gt;my print is in op&#039;s pic</span>",
            "filename": "1424462478426",
            "ext": ".gif",
            "w": 303,
            "h": 277,
            "tn_w": 125,
            "tn_h": 114,
            "tim": 1687852455093934,
            "time": 1687852455,
            "md5": "l9KAxtpgrbd7MZSy2ONvTQ==",
            "fsize": 1852930,
            "resto": 2639039
        },
        {
            "no": 2639144,
            "now": "06/27/23(Tue)05:10:07",
            "name": "Anonymous",
            "com": "<a href=\"#p2639039\" class=\"quotelink\">&gt;&gt;2639039</a><br><span class=\"quote\">&gt;Got into a single OP pic twice</span><br>Epic",
            "filename": "file",
            "ext": ".png",
            "w": 1280,
            "h": 577,
            "tn_w": 125,
            "tn_h": 56,
            "tim": 1687857007060384,
            "time": 1687857007,
            "md5": "c9S/xK86SFaZonlrzeUH0A==",
            "fsize": 1188118,
            "resto": 2639039
        },
        {
            "no": 2639189,
            "now": "06/27/23(Tue)08:16:23",
            "name": "Anonymous",
            "com": "<a href=\"#p2639129\" class=\"quotelink\">&gt;&gt;2639129</a><br>Is the Prusa MK4 even better?",
            "time": 1687868183,
            "resto": 2639039
        },
        {
            "no": 2639197,
            "now": "06/27/23(Tue)08:26:27",
            "name": "Anonymous",
            "com": "Can anyone read this and translate the settings into retard so I can use them on my Bambu?<br><br>https://groups.google.com/g/flashfo<wbr>rge/c/z2U5bufMlE8?pli=1",
            "time": 1687868787,
            "resto": 2639039
        },
        {
            "no": 2639198,
            "now": "06/27/23(Tue)08:26:56",
            "name": "Anonymous",
            "com": "<a href=\"#p2639189\" class=\"quotelink\">&gt;&gt;2639189</a><br>lol, lmao",
            "time": 1687868816,
            "resto": 2639039
        },
        {
            "no": 2639205,
            "now": "06/27/23(Tue)08:49:47",
            "name": "Anonymous",
            "com": "<a href=\"#p2639087\" class=\"quotelink\">&gt;&gt;2639087</a><br>well that kind of fuckin blows. unfortunately I&#039;m not looking to figurinefag, I was actually hoping I&#039;m printing some slightly larger functional parts extremely smoothly and accurately, but I guess with this being the case I won&#039;t waste my money.",
            "time": 1687870187,
            "resto": 2639039
        },
        {
            "no": 2639239,
            "now": "06/27/23(Tue)10:28:09",
            "name": "Anonymous",
            "com": "<a href=\"#p2639087\" class=\"quotelink\">&gt;&gt;2639087</a><br><span class=\"quote\">&gt;SLA</span><br><span class=\"quote\">&gt;Pixels</span><br>Lmao<br><a href=\"#p2639079\" class=\"quotelink\">&gt;&gt;2639079</a><br>The faggot above is wrong. This is finally the year we&#039;re starting to see some innovation in LCD/DLP stuff instead of yet another dozen of mars/photon clones with higher pixel density. <br><span class=\"quote\">&gt;Uniformation&#039;s GKTwo having a shitton of QoL features and a resin heater</span><br><span class=\"quote\">&gt;Athena&#039;s about to leave kickstarter with its pressure sensor and being opensource</span><br><span class=\"quote\">&gt;Automatic bed levelling</span><br><span class=\"quote\">&gt;Water-Viscous, therefore fast as fuck, resins</span><br><span class=\"quote\">&gt;Budget DLP machines</span><br>Resinbros are eating good this year.<br><br>if you meant actual SLA then i doubt there was much to improve to begin with other than maybe having faster resins and that Form3 automatic production assembly they showcased a while back.",
            "filename": "1460334648324",
            "ext": ".jpg",
            "w": 450,
            "h": 470,
            "tn_w": 119,
            "tn_h": 125,
            "tim": 1687876089639560,
            "time": 1687876089,
            "md5": "v9fQzr4FXmOzLj5RGsZd2Q==",
            "fsize": 54758,
            "resto": 2639039
        },
        {
            "no": 2639259,
            "now": "06/27/23(Tue)11:10:36",
            "name": "Anonymous",
            "com": "I have a roll of translucent blue PETG and i love this shit, but i have absolutely no ideas what to print out of it. Only fitting thing on my mind are those flexi vaporeons and glaceons but i want something else.<br>Anyone got good suggestions? Maybe some kind of a water elemental or a spirit.",
            "time": 1687878636,
            "resto": 2639039
        },
        {
            "no": 2639270,
            "now": "06/27/23(Tue)11:39:34",
            "name": "Anonymous",
            "com": "<a href=\"#p2639259\" class=\"quotelink\">&gt;&gt;2639259</a><br>Eevee with massive tits",
            "time": 1687880374,
            "resto": 2639039
        },
        {
            "no": 2639271,
            "now": "06/27/23(Tue)11:40:06",
            "name": "Anonymous",
            "com": "<a href=\"#p2639270\" class=\"quotelink\">&gt;&gt;2639270</a><br>give me a link",
            "time": 1687880406,
            "resto": 2639039
        },
        {
            "no": 2639284,
            "now": "06/27/23(Tue)12:18:45",
            "name": "Anonymous",
            "com": "<a href=\"#p2639271\" class=\"quotelink\">&gt;&gt;2639271</a><br>If you&#039;re a furfag you can probably just take some vr chat avatars since they&#039;re all kept at a low poly and have simple fbx files <br>https://cryptiacurves.gumroad.com/l<wbr>/tfnkxE<br>Of course you can easily pirate them too",
            "time": 1687882725,
            "resto": 2639039
        },
        {
            "no": 2639287,
            "now": "06/27/23(Tue)12:28:02",
            "name": "Anonymous",
            "com": "<a href=\"#p2639284\" class=\"quotelink\">&gt;&gt;2639284</a><br><span class=\"quote\">&gt;VRChat avatars</span><br>Those usually rely on texturing though, no? The models themselves are usually way too simple to use for quality printing, and displacing the normals works good only like 20% of the time, other times just creating tons of shitty noise.<br>I used to play around with game models in the past but printing those was always just a huge pain in the ass.",
            "time": 1687883282,
            "resto": 2639039
        },
        {
            "no": 2639288,
            "now": "06/27/23(Tue)12:33:21",
            "name": "Anonymous",
            "com": "<a href=\"#p2639287\" class=\"quotelink\">&gt;&gt;2639287</a><br>I printed one no problem",
            "time": 1687883601,
            "resto": 2639039
        },
        {
            "no": 2639289,
            "now": "06/27/23(Tue)12:34:13",
            "name": "Anonymous",
            "com": "<a href=\"#p2639288\" class=\"quotelink\">&gt;&gt;2639288</a><br>Can you post a picture of the print?<br>I&#039;m not saying it&#039;s hard - i am talking about the details.",
            "time": 1687883653,
            "resto": 2639039
        },
        {
            "no": 2639292,
            "now": "06/27/23(Tue)12:40:07",
            "name": "Anonymous",
            "com": "<a href=\"#p2639284\" class=\"quotelink\">&gt;&gt;2639284</a><br><span class=\"quote\">&gt;130 pounds</span><br><span class=\"quote\">&gt;Someone actually buys this</span><br>I can never understand furfags",
            "time": 1687884007,
            "resto": 2639039
        },
        {
            "no": 2639301,
            "now": "06/27/23(Tue)13:22:51",
            "name": "Anonymous",
            "com": "<a href=\"#p2639205\" class=\"quotelink\">&gt;&gt;2639205</a><br>Mono LCDs have more than doubled the speed that you can expect out of even the cheapest resin printers. &quot;Fast&quot; used to be 25mm/hr, now going fast means &gt;80mm/hr.<br><br>Prices have improved, especially for larger printers.<br>The super common 2K 6&quot; LCD format printers are cheap as chips now, $100 gets you a GeeeTech ALKAID, and $150 gets you the particularly good (lolwut) Creality Halot-One.<br>You can get into a 6.6&quot; 4K like the Photon Mono 2 for only $180, or the big 9.1&quot; 6K Elegoo Mars 4 Max for $300, and around $330 gets you into 10&quot; 8K printers like the Halot-Mage.<br><br>So yeah, resin printers are faster, cheaper, have better pixel density than they did in the past.<br>Used to be $450 for an 8.9&quot; Elegoo Saturn 4K that couldn&#039;t manage 30mm/s, shit&#039;s definitely gotten better.",
            "time": 1687886571,
            "resto": 2639039
        },
        {
            "no": 2639354,
            "now": "06/27/23(Tue)15:03:21",
            "name": "Anonymous",
            "com": "Foam PLA looks really fucking cool<br>Any of you had experience with it? Any big printing problems?<br>3D printing isn&#039;t new for me but i&#039;ve never used that stuff.",
            "time": 1687892601,
            "resto": 2639039
        },
        {
            "no": 2639386,
            "now": "06/27/23(Tue)16:20:14",
            "name": "Anonymous",
            "com": "my slicer is showing way shorter print time than what my printer ultimately produces. 1h20 benchy turns into 1h 45 real time and on the far end, i tried printing a part that would take about 14 hours according to the slicer but at the 11 hour mark it was about half way done and i had to crank it to 400% speed to get it done in time.",
            "time": 1687897214,
            "resto": 2639039
        },
        {
            "no": 2639387,
            "now": "06/27/23(Tue)16:20:49",
            "name": "Anonymous",
            "com": "<a href=\"#p2639386\" class=\"quotelink\">&gt;&gt;2639386</a><br>First time doing 3D printing?",
            "time": 1687897249,
            "resto": 2639039
        },
        {
            "no": 2639389,
            "now": "06/27/23(Tue)16:27:00",
            "name": "Anonymous",
            "com": "<a href=\"#p2639387\" class=\"quotelink\">&gt;&gt;2639387</a><br>ive been doing it for a couple months, or about two spools of filament worth, so not a lot i guess",
            "time": 1687897620,
            "resto": 2639039
        },
        {
            "no": 2639405,
            "now": "06/27/23(Tue)17:08:02",
            "name": "Anonymous",
            "com": "<a href=\"#p2639386\" class=\"quotelink\">&gt;&gt;2639386</a><br>This is normal.<br>Getting accurate estimates from the slicer is a process.<br>https://www.youtube.com/watch?v=R-u<wbr>AmWXvHqc",
            "time": 1687900082,
            "resto": 2639039
        },
        {
            "no": 2639429,
            "now": "06/27/23(Tue)18:21:20",
            "name": "Anonymous",
            "com": "<a href=\"#p2639405\" class=\"quotelink\">&gt;&gt;2639405</a><br>things are pretty nice within the bambu walled garden in that area, prints and time estimates are spot on",
            "time": 1687904480,
            "resto": 2639039
        },
        {
            "no": 2639430,
            "now": "06/27/23(Tue)18:21:51",
            "name": "Anonymous",
            "com": "<a href=\"#p2639405\" class=\"quotelink\">&gt;&gt;2639405</a><br>most likely reason yours aren&#039;t is that the machine&#039;s physical hardware can&#039;t keep up with what you are commanding it to do.",
            "time": 1687904511,
            "resto": 2639039
        },
        {
            "no": 2639437,
            "now": "06/27/23(Tue)18:46:57",
            "name": "Anonymous",
            "com": "Sick of fitteling with my ender 3 i bought an x1 carbon<br>Now im going to spend my time getting good at fusion360",
            "time": 1687906017,
            "resto": 2639039
        },
        {
            "no": 2639442,
            "now": "06/27/23(Tue)18:54:26",
            "name": "Anonymous",
            "com": "<a href=\"#p2639437\" class=\"quotelink\">&gt;&gt;2639437</a><br>sweet, welcome to the club anon<br><br><span class=\"quote\">&gt;tfw I have printed so much, but I still can&#039;t add a good custom profile for a random filament that works flawlessly</span>",
            "time": 1687906466,
            "resto": 2639039
        },
        {
            "no": 2639463,
            "now": "06/27/23(Tue)19:50:33",
            "name": "Anonymous",
            "com": "<a href=\"#p2639239\" class=\"quotelink\">&gt;&gt;2639239</a><br>well shit maybe I will get one then. how&#039;s the learning curve coming from FDM?",
            "time": 1687909833,
            "resto": 2639039
        },
        {
            "no": 2639466,
            "now": "06/27/23(Tue)19:52:14",
            "name": "Anonymous",
            "com": "Moving right along with my front shock tower project, this one is a copy of the OEM part to check fit and the next one will be the actual custom piece. Never mind the filthy car I got kids man.",
            "filename": "C8E8CD61-D3BB-4821-B00A-643570F2C0F8",
            "ext": ".jpg",
            "w": 4032,
            "h": 3024,
            "tn_w": 125,
            "tn_h": 93,
            "tim": 1687909934242660,
            "time": 1687909934,
            "md5": "G2Hg6z9dz39WXRz6rH94cQ==",
            "fsize": 3127707,
            "resto": 2639039
        },
        {
            "no": 2639553,
            "now": "06/28/23(Wed)00:42:52",
            "name": "Anonymous",
            "com": "It&#039;s nothing much but I printed a bracket to fit a panel mount usb charger and cigarette lighter to an optical drive bay<br>It compliments the 3d printed drawers<br>For once I got dimensions right the first time",
            "filename": "1687927286508",
            "ext": ".jpg",
            "w": 1319,
            "h": 2177,
            "tn_w": 75,
            "tn_h": 125,
            "tim": 1687927372877645,
            "time": 1687927372,
            "md5": "QAPTpo/GDUzlAnNDk6WMgg==",
            "fsize": 712968,
            "resto": 2639039
        },
        {
            "no": 2639573,
            "now": "06/28/23(Wed)02:06:33",
            "name": "Anonymous",
            "com": "Finally printing a prototype hard case design for an instrument.",
            "time": 1687932393,
            "resto": 2639039
        },
        {
            "no": 2639576,
            "now": "06/28/23(Wed)02:37:49",
            "name": "Anonymous",
            "com": "<a href=\"/diy/thread/2635062#p2637945\" class=\"quotelink\">&gt;&gt;2637945</a><br>oh finally someone with this.<br>Would you recommend this BIQU thing for Ender3 style machine?? I was thinking about buying one if my v6 hotend project will go to shit",
            "time": 1687934269,
            "resto": 2639039
        },
        {
            "no": 2639577,
            "now": "06/28/23(Wed)02:41:28",
            "name": "Anonymous",
            "com": "so i read that washing your glass with dish cleaner before printing is enough for petg to no fuse with it, is that true?",
            "time": 1687934488,
            "resto": 2639039
        },
        {
            "no": 2639580,
            "now": "06/28/23(Wed)02:52:05",
            "name": "Anonymous",
            "com": "<a href=\"#p2639039\" class=\"quotelink\">&gt;&gt;2639039</a><br>you put 2 of the same pictures of that massive faggot&#039;s enclosure when he bitched about not getting into op last thread and didn&#039;t post more pics of his enclosure when I requested.",
            "filename": "1675350521934235",
            "ext": ".jpg",
            "w": 960,
            "h": 980,
            "tn_w": 122,
            "tn_h": 125,
            "tim": 1687935125774238,
            "time": 1687935125,
            "md5": "whzvlgriEFZvDrSxaU/Jdw==",
            "fsize": 160250,
            "resto": 2639039
        },
        {
            "no": 2639581,
            "now": "06/28/23(Wed)02:52:49",
            "name": "Anonymous",
            "com": "<a href=\"#p2639577\" class=\"quotelink\">&gt;&gt;2639577</a> No. Use PVP based spray glue after every print. It work pretty reliably on medium sized beds and models. Anything above 300x300mm or with large bottom surface would crack the glass eventually.",
            "time": 1687935169,
            "resto": 2639039
        },
        {
            "no": 2639595,
            "now": "06/28/23(Wed)04:06:03",
            "name": "Anonymous",
            "com": "<a href=\"#p2639577\" class=\"quotelink\">&gt;&gt;2639577</a><br>PETG on Glass? Fuck no, clean bed means chipped glass.<br><br><a href=\"#p2639581\" class=\"quotelink\">&gt;&gt;2639581</a><br><span class=\"quote\">&gt;PVP based spray glue</span><br>Best answer.<br>Lots of Gluestick is also PVP/Povidone, which is why it&#039;s still a good option.<br><br><span class=\"quote\">&gt;Anything above 300x300mm or with large bottom surface would crack the glass eventually.</span><br>Even small prints can take chunks out of the glass or shatter it entirely.<br>I&#039;ve shattered a 180x180mm glass sheet with a 50x50mm print in PETG doing exactly what <a href=\"#p2639577\" class=\"quotelink\">&gt;&gt;2639577</a> is asking about, I cleaned the bed but completely forgot to coat it again. Heard a nice distinct SNAP from across the room while it was cooling down.",
            "time": 1687939563,
            "resto": 2639039
        },
        {
            "no": 2639596,
            "now": "06/28/23(Wed)04:07:24",
            "name": "Anonymous",
            "com": "<a href=\"#p2639595\" class=\"quotelink\">&gt;&gt;2639595</a><br>That is why you was with dish soap, it will create film for the petg to sit on<br>so that way you can do it without using elmers cuck stick",
            "time": 1687939644,
            "resto": 2639039
        },
        {
            "no": 2639597,
            "now": "06/28/23(Wed)04:09:34",
            "name": "Anonymous",
            "com": "<a href=\"#p2639596\" class=\"quotelink\">&gt;&gt;2639596</a><br><span class=\"quote\">&gt;That is why you was with dish soap</span><br>Try again.<br><br><span class=\"quote\">&gt;I&#039;ve shattered a 180x180mm glass sheet with a 50x50mm print in PETG doing exactly what <a href=\"#p2639577\" class=\"quotelink\">&gt;&gt;2639577</a> is asking about</span><br><br>Dish soap won&#039;t leave a film, or at least not one able to prevent PETG from fucking up glass.",
            "time": 1687939774,
            "resto": 2639039
        },
        {
            "no": 2639600,
            "now": "06/28/23(Wed)04:18:26",
            "name": "Anonymous",
            "com": "<a href=\"#p2639597\" class=\"quotelink\">&gt;&gt;2639597</a><br>now i don&#039;t what to believe because i found equal amount of posts when i googled that claim petg fuses with glass and posts that say the print petg directly on glass with no issues all the time",
            "time": 1687940306,
            "resto": 2639039
        },
        {
            "no": 2639603,
            "now": "06/28/23(Wed)04:29:39",
            "name": "Anonymous",
            "com": "<a href=\"#p2639600\" class=\"quotelink\">&gt;&gt;2639600</a><br>Some people still print HIPS on painter&#039;s tape with a cold bed and think you can&#039;t print flexible filaments with a bowden extruder.<br><br>PETG really is great on bare glass! Until it takes a chip or shatters it.<br>Of note with PETG specifically is the wide range of print and bed temps, brand recommendations range from about 220C - 260C hotend, &quot;No Heated Bed&quot; up to 100C and everywhere in-between.<br>Some PETG prints great with lots of cooling, some prints like shit unless you have the hotend fan completely off, there is never a consensus with PETG.<br>You might have infinite success with ParticularBrand PETG at 230C with a 60C bed, or fuck your shit on the first print with OtherBrand PETG at 255C with a 90C bed, or maybe vice versa.",
            "time": 1687940979,
            "resto": 2639039
        },
        {
            "no": 2639606,
            "now": "06/28/23(Wed)04:36:08",
            "name": "Anonymous",
            "com": "<a href=\"#p2639603\" class=\"quotelink\">&gt;&gt;2639603</a><br>alright i&#039;m gonna try do a benchy on blue painters tape on top of my glass bed at 70c, 50% cooling nozzle at 215 (can&#039;t go higher coz ptfe and don&#039;t want brain damage) and will report results",
            "time": 1687941368,
            "resto": 2639039
        },
        {
            "no": 2639607,
            "now": "06/28/23(Wed)04:38:58",
            "name": "Anonymous",
            "com": "<a href=\"#p2639606\" class=\"quotelink\">&gt;&gt;2639606</a><br>Try not to die",
            "time": 1687941538,
            "resto": 2639039
        },
        {
            "no": 2639613,
            "now": "06/28/23(Wed)04:59:19",
            "name": "Anonymous",
            "com": "fuck this is scary, i smell something, how does burning ptfe smell like?",
            "time": 1687942759,
            "resto": 2639039
        },
        {
            "no": 2639614,
            "now": "06/28/23(Wed)05:07:05",
            "name": "Anonymous",
            "com": "<a href=\"#p2639301\" class=\"quotelink\">&gt;&gt;2639301</a><br>Nice. How do resins compare to fdm filaments for strength or other engineering purposes",
            "time": 1687943225,
            "resto": 2639039
        },
        {
            "no": 2639625,
            "now": "06/28/23(Wed)05:26:34",
            "name": "Anonymous",
            "com": "fuck me<br>years of fear and self doubting that kept me from printing petg because it seemed impossible, you need all metal they said, you need glue stick, you need all this shit you need to tune in retraction settings and part cooling and blah blah blah<br>those fucking assholes planted all this doubt in my head so i never even tried it.<br>jesus christ ALL THIS TIME IT WAS THIS EASY <br>literally all i did was change the nozzle temp to 215C and put painter tape on my glass bed THATS IT, everything else is my default PLA printing settings and it prints fucking FLAWLESS<br><br>Let this be a lesson for you anons, never let your fears control you and keep you from your goals ;_;",
            "filename": "file",
            "ext": ".png",
            "w": 648,
            "h": 434,
            "tn_w": 125,
            "tn_h": 83,
            "tim": 1687944394705503,
            "time": 1687944394,
            "md5": "61GotGb+FapyRD9+/zQisA==",
            "fsize": 260677,
            "resto": 2639039
        },
        {
            "no": 2639626,
            "now": "06/28/23(Wed)05:27:01",
            "name": "Anonymous",
            "com": "<a href=\"#p2639614\" class=\"quotelink\">&gt;&gt;2639614</a><br>Varies like crazy.<br>Cheap resin makes pretty, but it&#039;s useless brittle garbage, whereas cheap generic Chinese &quot;PLA+&quot; filament is strong enough for a fairly safe Glock frame.<br><br>Thankfully, there is a HUGE variety to resin, and unlike with fancy filaments just about any resin printer can handle damn near any printing resin.<br>I never buy normal resin anymore, at a minimum I get &quot;ABS-like&quot; or &quot;Nylon-like&quot; resin. The claim in the name is a load of bullshit, they&#039;re nowhere near the strength or ductility of ABS or Nylon, but they&#039;re a hell of a lot more resilient than ordinary resin.<br>There are tons of more specialty options, like the ever-popular Siraya Tech Blu and Tenacious resins, which are also used as &quot;additives&quot; mixed into other resins to alter their properties.<br>Keep going down the list, you can get premium shit that actually does keep up with or even exceed what the average FDM printer is capable of, like Loctite&#039;s high-performance resins.<br><br>Basically, with resin you can buy your way to whatever level of strength, rigidity, temperature resistance, whatever you need from it, and 99.5% of the time you just print with it like you would any other resin and it Just Works\u2122. <br>Average anon with Ender 3 can&#039;t just pick up a $200 roll of PEEK and have at it, but average anon with an old Elegoo Mars can buy a $200 bottle of Loctite 8195 and have a good time.<br><br>At the more extreme end of things, FDM still wins, you&#039;re not gonna find a UV-curable resin that can match PEEK or TPI performance, and printing composites is limited to fancy-pants industrial MSLA and SLA printers.",
            "time": 1687944421,
            "resto": 2639039
        },
        {
            "no": 2639628,
            "now": "06/28/23(Wed)05:29:06",
            "name": "Anonymous",
            "com": "<a href=\"#p2639625\" class=\"quotelink\">&gt;&gt;2639625</a><br>Wait until it&#039;s finished, anon. 215C is very low for PETG, I think the lowest I&#039;ve ever seen as a recommended temp is 220C, most brands it&#039;s 230-240C. It might print nicely, but it might have very poor layer adhesion and peel apart with ease. Or it might be fine of course.",
            "time": 1687944546,
            "resto": 2639039
        },
        {
            "no": 2639629,
            "now": "06/28/23(Wed)05:33:16",
            "name": "Anonymous",
            "com": "<a href=\"#p2639628\" class=\"quotelink\">&gt;&gt;2639628</a><br>i wonder if another thing i can ignore is the <br><span class=\"quote\">&gt;you have to store petg in airtight container with sillica</span><br>i store my PLA in open air for years and it always works no problem so i wonder if i can do it with PETG too",
            "time": 1687944796,
            "resto": 2639039
        },
        {
            "no": 2639632,
            "now": "06/28/23(Wed)05:41:38",
            "name": "Anonymous",
            "com": "<a href=\"#p2639629\" class=\"quotelink\">&gt;&gt;2639629</a><br>Depends on conditions. PETG sucks up moisture more so than PLA, but nowhere near as much as Nylon, so there&#039;s that.<br>In my experience, filament keeps as well as any other plastic, keep it out of the sun and don&#039;t use ozone generators.",
            "time": 1687945298,
            "resto": 2639039
        },
        {
            "no": 2639634,
            "now": "06/28/23(Wed)05:52:50",
            "name": "Anonymous",
            "com": "<a href=\"#p2639626\" class=\"quotelink\">&gt;&gt;2639626</a><br>OK then thanks anon",
            "time": 1687945970,
            "resto": 2639039
        },
        {
            "no": 2639636,
            "now": "06/28/23(Wed)05:56:39",
            "name": "Anonymous",
            "com": "<a href=\"#p2639614\" class=\"quotelink\">&gt;&gt;2639614</a><br>avoid printing stinky goos all together unless you are 40k nerd",
            "time": 1687946199,
            "resto": 2639039
        },
        {
            "no": 2639639,
            "now": "06/28/23(Wed)06:05:53",
            "name": "Anonymous",
            "com": "<a href=\"#p2639625\" class=\"quotelink\">&gt;&gt;2639625</a><br>aaaaand done.<br>absolutely flawless.<br>it was this easy all this time, holy shit.<br>all these youtube videos of youtubers dealing with blobs and stringing, it&#039;s all bullshit. not a single strong anywhere to be seen.",
            "filename": "file",
            "ext": ".png",
            "w": 660,
            "h": 559,
            "tn_w": 125,
            "tn_h": 105,
            "tim": 1687946753339532,
            "time": 1687946753,
            "md5": "A3d6qTc5QwZ2X4HE5lYAKw==",
            "fsize": 371776,
            "resto": 2639039
        },
        {
            "no": 2639646,
            "now": "06/28/23(Wed)06:30:29",
            "name": "Anonymous",
            "com": "<a href=\"#p2639639\" class=\"quotelink\">&gt;&gt;2639639</a><br>haha i&#039;m so happy, there are so many things i can go now that i wasn&#039;t able to with pla, like things for my car that kept melting in the summer with pla but i can now make them from petg",
            "time": 1687948229,
            "resto": 2639039
        },
        {
            "no": 2639656,
            "now": "06/28/23(Wed)07:19:51",
            "name": "Anonymous",
            "com": "Is there any other design that uses standard, cheap conduit for rails, like the MPCNC? V-slot extrusions are kinda expensive and I wnat more rigidity, so looking to use 40mm pipe instead. Should be more than stiff enough, but I&#039;d have to design my own... what are these things called? Trucks?",
            "filename": "img_20180409_193440_20889",
            "ext": ".jpg",
            "w": 1250,
            "h": 960,
            "tn_w": 125,
            "tn_h": 96,
            "tim": 1687951191021930,
            "time": 1687951191,
            "md5": "W2wTvLX9+vO13MIVHkVXww==",
            "fsize": 318540,
            "resto": 2639039
        },
        {
            "no": 2639670,
            "now": "06/28/23(Wed)08:13:29",
            "name": "Anonymous",
            "com": "<a href=\"#p2639580\" class=\"quotelink\">&gt;&gt;2639580</a><br>a)lol i was trol u<br>b) u ddint say specicifally what u wanted a picturee of<br>c) I&#039;m too busy<br>d) refer to c, above<br>please state succinctly what actually you want a photograph of and what purpose, asstron.<br>p.s. im too busy*<br>*see point c)",
            "filename": "resizeIMG_7381",
            "ext": ".jpg",
            "w": 600,
            "h": 400,
            "tn_w": 125,
            "tn_h": 83,
            "tim": 1687954409214884,
            "time": 1687954409,
            "md5": "7Uol4ypyQNJwkhkC5bKEaQ==",
            "fsize": 72974,
            "resto": 2639039
        },
        {
            "no": 2639691,
            "now": "06/28/23(Wed)09:00:41",
            "name": "Anonymous",
            "com": "I apologise for the reddit post incoming<br><br>I&#039;m looking for a fast printer that&#039;s not more expensive than the P1P (not by a lot at least). Here is what I need<br><span class=\"quote\">&gt;Fastest possible printing speed for that price range</span><br><span class=\"quote\">&gt;Magnetic bed sheet</span><br><span class=\"quote\">&gt;300 C hot end and the ability to print engineering materials</span><br><span class=\"quote\">&gt;direct extruder for TPU</span><br><span class=\"quote\">&gt;klipper FW</span><br><span class=\"quote\">&gt;serviceability</span><br><span class=\"quote\">&gt;reliability</span><br><span class=\"quote\">&gt;the cheapest possible option to hit those requirements</span><br><br>What I don&#039;t really care about:<br><span class=\"quote\">&gt;run-out sensors, sensors in general</span><br><span class=\"quote\">&gt;gimmick crap like cameras and wireless connectivity</span><br><br>I guess I&#039;m looking for the toyota corolla of fast printers, I need it to do the job and have all the functional bells and whistles but I don&#039;t care about the ease of use extras except for auto levelling. Tinkering is acceptable if it is likely to save me a bunch of money from useless extras if I can just add the functional stuff myself<br><br>That being said, what are the main pros and cons of the following printers compared to the P1P and is there any other one that any of you would suggest<br><span class=\"quote\">&gt;Sovol SV07</span><br><span class=\"quote\">&gt;elegoo neptune 4 pro</span><br><span class=\"quote\">&gt;Anycubic Kobra 2</span>",
            "time": 1687957241,
            "resto": 2639039
        },
        {
            "no": 2639741,
            "now": "06/28/23(Wed)11:20:05",
            "name": "Anonymous",
            "com": "<a href=\"#p2639463\" class=\"quotelink\">&gt;&gt;2639463</a><br>Way easier to get a grasp of, but the post processing and dealing with a failed print is messy if you are a beginner. <br>Operation itself is way easier than FDM though. If you keep the temperature of your room/printer stable, the settings are easy to get into perfection.<br>The worst part is spending a good amount of time to place supports. Shit can take a few hours if you do a big, complicated model.<br>If you can - try to get a 3D printer with a heater unit. Not only it keeps the printing more stable - it can also speed up the print speed due to resin being less viscous. Anycubic and elegoo still refuse to add one, but i heard some wanhao machines and Uniformation GKTwo have it.",
            "filename": "file",
            "ext": ".png",
            "w": 419,
            "h": 559,
            "tn_w": 93,
            "tn_h": 125,
            "tim": 1687965605424149,
            "time": 1687965605,
            "md5": "rCLt63cz176ik9h7HJ180w==",
            "fsize": 300949,
            "resto": 2639039
        },
        {
            "no": 2639759,
            "now": "06/28/23(Wed)12:15:53",
            "name": "Anonymous",
            "com": "<a href=\"#p2639691\" class=\"quotelink\">&gt;&gt;2639691</a><br>please niggers",
            "time": 1687968953,
            "resto": 2639039
        },
        {
            "no": 2639771,
            "now": "06/28/23(Wed)12:33:59",
            "name": "Anonymous",
            "com": "So I have a question.<br>Would hooking up my Kobra Max to the computer. help boost its computing power?<br>I am having a hard time getting quality prints. Layer lines and just the quality is not the best.",
            "time": 1687970039,
            "resto": 2639039
        },
        {
            "no": 2639781,
            "now": "06/28/23(Wed)12:55:41",
            "name": "Anonymous",
            "com": "<a href=\"#p2639771\" class=\"quotelink\">&gt;&gt;2639771</a><br>Tighten your belts, check your settings.<br>Computer power doesn&#039;t have anything to do with the layer lines.",
            "time": 1687971341,
            "resto": 2639039
        },
        {
            "no": 2639784,
            "now": "06/28/23(Wed)12:58:17",
            "name": "Anonymous",
            "com": "the color for my STL thumbnails recently changed for whatever reason. i think it was when i updated to the recent prusa slicer version. <br>its not a big deal but if i can somehow control it that would be neat. would make organizing things a little easier by color coding them.",
            "filename": "file",
            "ext": ".png",
            "w": 893,
            "h": 536,
            "tn_w": 125,
            "tn_h": 75,
            "tim": 1687971497215451,
            "time": 1687971497,
            "md5": "QUmMiqnHy5djGJ3X5K5Bxw==",
            "fsize": 275583,
            "resto": 2639039
        },
        {
            "no": 2639785,
            "now": "06/28/23(Wed)13:03:49",
            "name": "Anonymous",
            "com": "<a href=\"#p2639691\" class=\"quotelink\">&gt;&gt;2639691</a><br><a href=\"#p2639759\" class=\"quotelink\">&gt;&gt;2639759</a><br>Based on your requirements, let&#039;s evaluate the pros and cons of the printers you mentioned, as well as an additional suggestion:<br><br> Sovol SV07:<br> Pros: Reasonably priced, direct extruder for TPU, magnetic bed sheet, Klipper firmware support, good serviceability.<br> Cons: May not have the fastest printing speed, hot end may not reach 300\u00b0C for engineering materials.<br><br> Elegoo Neptune 4 Pro:<br> Pros: Within budget, direct extruder for TPU, magnetic bed sheet, Klipper firmware support, good serviceability.<br> Cons: Printing speed may not be the fastest, hot end may not reach 300\u00b0C.<br><br> Anycubic Kobra 2:<br> Pros: Fits within budget, direct extruder for TPU, magnetic bed sheet, Klipper firmware support, good serviceability.<br> Cons: Printing speed may not be the fastest, hot end may not reach 300\u00b0C.<br><br> Alternative suggestion: Prusa i3 MK3S+ or Prusa Mini+:<br> Pros: Reliable, serviceable, excellent print quality, direct extruder for TPU (MK3S+), large user base, auto bed leveling.<br> Cons: Slightly more expensive, lacks non-essential features like cameras and wireless connectivity.<br><br>Consider these options and weigh the pros and cons based on your priorities. It&#039;s advisable to read reviews and conduct further research to ensure the printer meets your specific needs.",
            "filename": "file",
            "ext": ".png",
            "w": 1024,
            "h": 1024,
            "tn_w": 125,
            "tn_h": 125,
            "tim": 1687971829248247,
            "time": 1687971829,
            "md5": "2m8l30fABDp9Z186WPKeJg==",
            "fsize": 93569,
            "resto": 2639039
        },
        {
            "no": 2639790,
            "now": "06/28/23(Wed)13:12:41",
            "name": "Anonymous",
            "com": "<a href=\"#p2639785\" class=\"quotelink\">&gt;&gt;2639785</a><br>don&#039;t you see the issue with these suggestions zoomer? I read all this shit in the descriptions, but in reality the p1p doesn&#039;t print as fast as it says so half of the shit your retarded AI told you is not even true",
            "time": 1687972361,
            "resto": 2639039
        },
        {
            "no": 2639792,
            "now": "06/28/23(Wed)13:16:06",
            "name": "Anonymous",
            "com": "<a href=\"#p2639790\" class=\"quotelink\">&gt;&gt;2639790</a><br><span class=\"quote\">&gt;but in reality the p1p doesn&#039;t print as fast as it says</span><br>literal skill issue.",
            "time": 1687972566,
            "resto": 2639039
        },
        {
            "no": 2639795,
            "now": "06/28/23(Wed)13:17:21",
            "name": "Anonymous",
            "com": "<a href=\"#p2639792\" class=\"quotelink\">&gt;&gt;2639792</a><br>I don&#039;t have it retard, I&#039;m contemplating getting one. Don&#039;t you have a subway surfers gameplay to drool at?",
            "time": 1687972641,
            "resto": 2639039
        },
        {
            "no": 2639801,
            "now": "06/28/23(Wed)13:23:05",
            "name": "Anonymous",
            "com": "<a href=\"#p2639795\" class=\"quotelink\">&gt;&gt;2639795</a><br>imagine getting this mad. you came here wanting to be spoon fed on something you can literally just go and look up yourself and then you have the gall to complain when you dont get the answer you wanted. fuck off",
            "filename": "1655938562275",
            "ext": ".gif",
            "w": 220,
            "h": 393,
            "tn_w": 69,
            "tn_h": 125,
            "tim": 1687972985860008,
            "time": 1687972985,
            "md5": "X/7wBZb6q8bAvWM15wwOkw==",
            "fsize": 199096,
            "resto": 2639039
        },
        {
            "no": 2639802,
            "now": "06/28/23(Wed)13:25:18",
            "name": "Anonymous",
            "com": "<a href=\"#p2639801\" class=\"quotelink\">&gt;&gt;2639801</a><br>I did look it up you monkey there is no direct comparisons between the p1p, sv07 and the n4pro, so naturally you look for people who&#039;ve had experience with them",
            "time": 1687973118,
            "resto": 2639039
        },
        {
            "no": 2639852,
            "now": "06/28/23(Wed)14:47:20",
            "name": "Anonymous",
            "com": "<a href=\"#p2639790\" class=\"quotelink\">&gt;&gt;2639790</a><br><span class=\"quote\">&gt; p1p doesn&#039;t print as fast as it says so half of the shit your retarded AI told you is not even true</span><br><span class=\"quote\">&gt;another retard who wants to buy a fucking bedslinger at P1P price range</span><br>I hope you end up buying a prusa machine then promptly neck yourself",
            "filename": "1670648274686847",
            "ext": ".jpg",
            "w": 480,
            "h": 342,
            "tn_w": 125,
            "tn_h": 89,
            "tim": 1687978040586490,
            "time": 1687978040,
            "md5": "cGntLlWAsrP8qNY63xqGTQ==",
            "fsize": 28543,
            "resto": 2639039
        },
        {
            "no": 2639862,
            "now": "06/28/23(Wed)15:06:46",
            "name": "Anonymous",
            "com": "<a href=\"#p2639656\" class=\"quotelink\">&gt;&gt;2639656</a> Belt driven cnc is a joke.<br>With larger pipes and wider belts (HDT-3M 15mm). This project might be good. https://docs.google.com/presentatio<wbr>n/d/1P_u9j70Okohw-1XTHRqdKy8n6Bm3tC<wbr>7FrEyKz13-5YM/edit?pli=1#slide=id.p<wbr>",
            "time": 1687979206,
            "resto": 2639039
        },
        {
            "no": 2639863,
            "now": "06/28/23(Wed)15:09:50",
            "name": "Anonymous",
            "com": "<a href=\"#p2639852\" class=\"quotelink\">&gt;&gt;2639852</a><br>if I was a prusa retard I wouldnt be asking this question, it&#039;s just that the whole capsulated hot end of the P1P and crap like that worries me because I don&#039;t want to depend on one company providing spare parts<br><br>also<br><span class=\"quote\">&gt;all the other alternatives I listed are half the price of the P1P</span><br><span class=\"quote\">&gt;&quot;bedslinger at P1P price range&quot;</span><br><br>Is it worth it to pay double for the P1P and why when I can&#039;t even service it without buying Bambu crap? Looks like the tesla and apple brand of printers to me",
            "time": 1687979390,
            "resto": 2639039
        },
        {
            "no": 2639868,
            "now": "06/28/23(Wed)15:24:04",
            "name": "Anonymous",
            "com": "<a href=\"#p2639863\" class=\"quotelink\">&gt;&gt;2639863</a><br><span class=\"quote\">&gt;it&#039;s just that the whole capsulated hot end of the P1P and crap like that worries me because I don&#039;t want to depend on one company providing spare parts</span><br><span class=\"quote\">&gt;what is aliexpress</span><br><br>I dont feel like spoonfeeding today, but this video might give you the right idea, as more and more shit for bambu emerges from our chinese overlords<br>https://www.youtube.com/watch?v=qBv<wbr>TWFEd7rk",
            "time": 1687980244,
            "resto": 2639039
        },
        {
            "no": 2639876,
            "now": "06/28/23(Wed)15:49:57",
            "name": "Anonymous",
            "com": "<a href=\"#p2639868\" class=\"quotelink\">&gt;&gt;2639868</a><br><span class=\"quote\">&gt;pay twice as much for this printer that is expensive because it is supposed to be used straight out of the box</span><br><span class=\"quote\">&gt;buy only 26 mods to make this printer as good as a SV07 with 13 mods</span><br><br>I don&#039;t want to be spoonfed chinese mods I&#039;d just like to know what is the extra 300 or 400 dollars going towards for the P1P? If it&#039;s just for the &quot;nice feel&quot; like apple and tesla fags or the fact that I can attach a camera or use their retarded multi material technology that costs as much as a dual extruder printer I&#039;m not getting a P1P<br><br>So what are my extra 300 or 400 bucks going towards?",
            "time": 1687981797,
            "resto": 2639039
        },
        {
            "no": 2639883,
            "now": "06/28/23(Wed)15:55:46",
            "name": "Anonymous",
            "com": "<a href=\"#p2639876\" class=\"quotelink\">&gt;&gt;2639876</a><br><span class=\"quote\">&gt;I don&#039;t want to depend on one company providing spare parts</span><br><span class=\"quote\">&gt;D-Dont show me ways to get spare parts!!!!</span><br>fucking retard, If you are so fucking blind you cant see the difference, then buy whatever the fuck you want and please refer to this anons gif <a href=\"#p2639801\" class=\"quotelink\">&gt;&gt;2639801</a>",
            "time": 1687982146,
            "resto": 2639039
        },
        {
            "no": 2639887,
            "now": "06/28/23(Wed)15:56:48",
            "name": "Anonymous",
            "com": "https://www.youtube.com/watch?v=T1p<wbr>Pw2L1jQE<br><br>hmmm<br><br>Plasticity... Better than Blender probably, but better than Fusion too?",
            "time": 1687982208,
            "resto": 2639039
        },
        {
            "no": 2639888,
            "now": "06/28/23(Wed)15:59:08",
            "name": "Anonymous",
            "com": "<a href=\"#p2639883\" class=\"quotelink\">&gt;&gt;2639883</a><br><span class=\"quote\">&gt;depending on a chinese monkey (not a company) is a reliable way to source spare parts</span><br><span class=\"quote\">&gt;using different thickness nozzles is basically spare parts bro, if you want a 1 mm nozzle that&#039;s a spare part bro</span><br><span class=\"quote\">&gt;it&#039;s totally normal to change your whole hot end when you need a different nozzle bro and if your nozzle fucks up it&#039;s totally fine to throw out your heatsink</span><br><br>if youre a bambu cocksucker just say that, otherwise you can answer my question<br><span class=\"quote\">&gt;So what are my extra 300 or 400 bucks going towards?</span><br><br>If I&#039;m going to be upgrading a bunch of crap anyways why should I pay extra",
            "time": 1687982348,
            "resto": 2639039
        },
        {
            "no": 2639892,
            "now": "06/28/23(Wed)16:04:20",
            "name": "Anonymous",
            "com": "<a href=\"#p2639883\" class=\"quotelink\">&gt;&gt;2639883</a><br>also it&#039;s not just about spare parts, if I&#039;m printing abrasives I would need to buy a hardened nozzle regardless of the printer and the problem with the P1P is that I also have to buy a fucking hot end just to put a different nozzle on, a hot end and nozzle that I will have to wait for for 3 months since it&#039;s only available off of some chinese monkey living in his basements making them on his desktop cnc",
            "time": 1687982660,
            "resto": 2639039
        },
        {
            "no": 2639895,
            "now": "06/28/23(Wed)16:08:51",
            "name": "Anonymous",
            "com": "I&#039;m kind of stuck on what to do. They confirmed my NP3 is fucked and I&#039;m returning it (fuck you dirtyass bitches bootlickers taht said it was a skill issue). Now I can&#039;t decide if I want a full refund to buy something else, or a replacement. What else would I even get? The 3DP market seems fucked. It&#039;s either cheap shit printers or expensive ones. NP4 doesn&#039;t look that great either.",
            "time": 1687982931,
            "resto": 2639039
        },
        {
            "no": 2639898,
            "now": "06/28/23(Wed)16:19:16",
            "name": "Anonymous",
            "com": "<a href=\"#p2639887\" class=\"quotelink\">&gt;&gt;2639887</a><br>Seems like it has different use cases. If you want precise dimensions they specifically say its not for that. The video Teaching Tech did on it is much better<br>The fact the company relies on Discord for a lot of stuff is a red flag too",
            "time": 1687983556,
            "resto": 2639039
        },
        {
            "no": 2639899,
            "now": "06/28/23(Wed)16:19:59",
            "name": "Anonymous",
            "com": "<a href=\"#p2639895\" class=\"quotelink\">&gt;&gt;2639895</a><br><span class=\"quote\">&gt;They confirmed my NP3 is fucked and I&#039;m returning it (fuck you dirtyass bitches bootlickers taht said it was a skill issue)</span><br>Dont hate me nigga, I really tried to help last thread...<br>at the end, this anon <a href=\"/diy/thread/2635062#p2637716\" class=\"quotelink\">&gt;&gt;2637716</a> helped the most I guess?",
            "filename": "1658064825186197",
            "ext": ".gif",
            "w": 115,
            "h": 107,
            "tn_w": 115,
            "tn_h": 107,
            "tim": 1687983599098570,
            "time": 1687983599,
            "md5": "Hry4V19J18z4fAUX32CDzg==",
            "fsize": 96067,
            "resto": 2639039
        },
        {
            "no": 2639908,
            "now": "06/28/23(Wed)16:36:23",
            "name": "Anonymous",
            "com": "<a href=\"#p2639899\" class=\"quotelink\">&gt;&gt;2639899</a><br>No offense, but nobody in here helped me. Especially the dude that said it&#039;s a skill issue when I had spent so many hours trying literally everything to fix it. Not that you&#039;re expected to know everything and what my exact issue was I guess. I emailed Elegoo in the end and they gave me a very fast reply (shout out to them) with a bunch of solutions to try. None of these that anyone has ever mentioned when I spent hours googling my issues. Nothing I could have figured on my own. Thing is now that I&#039;ve learned more about the design of the printer and how it works, I&#039;m not sure if I want to even bother. Like it might work, it might not. 3DJAKE also offered me a refund (shout out to them too) and now I can&#039;t decide if I should just drop the entire hobby and pay someone to print me the stuff I want or just spend more money and buy a P1P or a Prusa i3 MK3S+. 3DJAKE don&#039;t sell these though, and they were cool, so now I can&#039;t even give them money.<br><br>Like my 35 hour print finished and it looked great at a first glance, but then I noticed it&#039;s slightly warped in one corner, which means it&#039;s fucked and I wont be able to assemble the full thing. I don&#039;t wanna deal with that shit. The NP3 is clearly not designed to work well for bigger and longer prints.",
            "time": 1687984583,
            "resto": 2639039
        },
        {
            "no": 2639913,
            "now": "06/28/23(Wed)16:43:31",
            "name": "Anonymous",
            "com": "<a href=\"#p2639908\" class=\"quotelink\">&gt;&gt;2639908</a><br><span class=\"quote\">&gt;No offense, but nobody in here helped me.</span><br>Tends to happen if nobody knows the machine and possible ways it could fuck shit up.<br>Care to explain what was the problem? Im curious now. Also, for the love of god, whatever you end up doing, dont spend more and buy prusa.",
            "time": 1687985011,
            "resto": 2639039
        },
        {
            "no": 2639919,
            "now": "06/28/23(Wed)16:56:42",
            "name": "Anonymous",
            "com": "<a href=\"#p2639913\" class=\"quotelink\">&gt;&gt;2639913</a><br>It&#039;s multiple issues that I wont be able to explain properly. One was the print bed. It literally cannot level on all sides. Automatic bed leveling my ass, the ones with the springs and knobs that allow manual adjustments are clearly better. The offered solution is to print some spacers for each corned and fuck around with it. I could do it but I can&#039;t tell if it&#039;s worth it. That&#039;s why some people do a metal spacer of whatever it was mod, but I can&#039;t find where to buy these from. They would still probably need spacers either way. Another thing was the X axis tilt. Clearly the reason why my first layers were so bad, and I don&#039;t know why nobody in here knew right away that could be the reason. I spent hours figuring it out on my own. So even if you&#039;ve set your Z offset properly, the tilt will make the nozzle be closer to the bed, or even touch it at one corner, while being too far away on the other. Lastly a rattle with some movements during printing, and I could never tell if it&#039;s a specific axis when the extruder moves, or a combination, because it wouldn&#039;t always do it and in a specific direction. I just chalked it up to the two Z steppers fighting each other, since they have to rotate in unison I guess. Something with the entire mechanism and the rods being misaligned leads me to believe that one stepper probably rotates out of sync, because if you try to move them out of sync manually you can feel a vibration. And the way the printer itself is designed, there&#039;s just a million screws to adjust, even though some of them you&#039;re not supposed to touch at all. You&#039;re only supposed to adjust the eccentric ones. Two on the right side of the bed, two on the extruder, and one for the z axis on each side. There&#039;s a bunch of other ones that shouldn&#039;t be touched, but this isn&#039;t mentioned anywhere in the guide, and I have no way of knowing if they were set up properly in the factory or if adjusting a specific one of them will fix my specific issue.",
            "time": 1687985802,
            "resto": 2639039
        },
        {
            "no": 2639922,
            "now": "06/28/23(Wed)17:00:59",
            "name": "Anonymous",
            "com": "<a href=\"#p2639919\" class=\"quotelink\">&gt;&gt;2639919</a><br>And I&#039;m not shitting on the NP3.<br><br>Other people clearly had good results and there&#039;s very little issues reported on the internet. Their customer support is great, and they replied really fast. Gave me a proper explanation with screenshots and videos on exactly what to try out. It seems that my specific printer was maybe not aligned properly from the factory, and perhaps when I was setting it up at first I also touched some stuff I wasn&#039;t supposed to. I don&#039;t think I did, but I really can&#039;t remember at this point if I adjusted something that shouldn&#039;t be touched, I&#039;ve tried a million different things to fix it at this point.",
            "time": 1687986059,
            "resto": 2639039
        },
        {
            "no": 2639927,
            "now": "06/28/23(Wed)17:04:06",
            "name": "Anonymous",
            "com": "<a href=\"#p2639646\" class=\"quotelink\">&gt;&gt;2639646</a><br>Based and petg-pilled. never had any issues printing with petg.",
            "time": 1687986246,
            "resto": 2639039
        },
        {
            "no": 2639928,
            "now": "06/28/23(Wed)17:05:43",
            "name": "Anonymous",
            "com": "And by the way it&#039;s clear as day why they changed the bed design on the NP4. I wish I understood why earlier when I was in here asking on what printer I should buy and some dude told me to kill myself basically.",
            "time": 1687986343,
            "resto": 2639039
        },
        {
            "no": 2639929,
            "now": "06/28/23(Wed)17:08:19",
            "name": "Anonymous",
            "com": "<a href=\"#p2639646\" class=\"quotelink\">&gt;&gt;2639646</a><br>be careful, it depends on where you live but where I&#039;m from PETG stuff melts during the summer too.<br><br>I made an intake for my car and it melted in the summer and almost got sucked into the throttle body.<br><br>As long as it&#039;s not under the hood or if where you live it doesn&#039;t get 50 C inside the car when it&#039;s under direct sunlight you should be fine",
            "time": 1687986499,
            "resto": 2639039
        },
        {
            "no": 2639930,
            "now": "06/28/23(Wed)17:09:45",
            "name": "Anonymous",
            "com": "<a href=\"#p2639929\" class=\"quotelink\">&gt;&gt;2639929</a><br><span class=\"quote\">&gt;I made an intake for my car and it melted in the summer and almost got sucked into the throttle body</span><br><br>Not to be that guy, but obviously that would happen.",
            "time": 1687986585,
            "resto": 2639039
        },
        {
            "no": 2639932,
            "now": "06/28/23(Wed)17:10:12",
            "name": "Anonymous",
            "com": "<a href=\"#p2639913\" class=\"quotelink\">&gt;&gt;2639913</a><br><span class=\"quote\">&gt;Also, for the love of god, whatever you end up doing, dont spend more and buy prusa</span><br><br>Just want to reiterate, there is no excuse to ever buy a Prusa printer. There was at one time, but not anymore. They only exist on their reputation at this point, their machines are insanely overpriced, they fail to keep their promises, they don&#039;t know the concept of a deadline.<br><br>There is no argument in their favor anymore, they&#039;re dead. Never buy a Prusa printer.",
            "time": 1687986612,
            "resto": 2639039
        },
        {
            "no": 2639935,
            "now": "06/28/23(Wed)17:16:41",
            "name": "Anonymous",
            "com": "<a href=\"#p2639932\" class=\"quotelink\">&gt;&gt;2639932</a><br>How bout not buying chinkshit? Love my mk3s and if I ever feel the need for a second machine I\u2019ll be getting a mk4.",
            "time": 1687987001,
            "resto": 2639039
        },
        {
            "no": 2639936,
            "now": "06/28/23(Wed)17:16:42",
            "name": "Anonymous",
            "com": "<a href=\"#p2639887\" class=\"quotelink\">&gt;&gt;2639887</a><br>They decided to pay for some shilling recently, as evidenced by the pile of Jewtubers talking about it in the last couple of weeks.<br><br>Always been extremely unimpressed with it. It&#039;s fine, it&#039;s not crap, it&#039;s just a product you pay for that does less and has fewer features than the free options out there.",
            "time": 1687987002,
            "resto": 2639039
        },
        {
            "no": 2639937,
            "now": "06/28/23(Wed)17:18:36",
            "name": "Anonymous",
            "com": "<a href=\"#p2639935\" class=\"quotelink\">&gt;&gt;2639935</a><br>If you want to buy beard oil, buy it for yourself instead of for Jo.",
            "filename": "1673477550243231",
            "ext": ".jpg",
            "w": 500,
            "h": 559,
            "tn_w": 111,
            "tn_h": 125,
            "tim": 1687987116186286,
            "time": 1687987116,
            "md5": "tsKfzumPlepjXgXDIQ8fYQ==",
            "fsize": 104853,
            "resto": 2639039
        }
    ]
}