post_id,date_time,subject,comment/reply,name,is_op?,url
2639039,"Jun-26-2023, 22:06:06",/3dpg/ &gt;3dpg in charge of print orientation edition,"Last Thread: >>2635062

All the outdated info you don't need about /3Dpg/-printing (Last updated 911 days ago): https://pastebin.com/AKqpcyN5
>Your print failed? Go to:
https://www.simplify3d.com/support/print-quality-troubleshooting/

>Calibrate your printer.
https://teachingtechyt.github.io/calibration.html

If that doesn't help you solve your problems, post:
>A picture of the failed part
>Printer make & model
>Filament type/brand
>Slicer & slicer settings

>What printer should I buy? [32/72/5 :detadpU tsaL]
Do your own research, these are just popular and available options, don't buy a $1000 bedslinger:
Up to 200 USD: Kingroon KP3S, Sovol SV01, Voxelab Aquila X2, Anycubic Kobra Neo, ELEGOO Neptune 2S, Malyan M300/Monoprice Mini Delta
Up to 300 USD: Kingroon KP3S Pro/Pro S1, Sovol SV06, Creality Ender 3 V2 Neo, Elegoo Neptune 3
Up to 400 USD: Creality Ender 3 S1, Sovol SV01 Pro, Artillery Sidewinder SW-X2
Up to 500 USD: Creality Ender 3 S1 Pro, Prusa MINI+, FLSUN Super Racer
Up to 500 USD Large-Format: Anycubic Kobra Max, Elegoo Neptune 3 Max
Up to 800 USD: Bambu Lab P1P, Prusa MK4 kit
Over 1000 USD: Bambu Lab X1 Carbon, Ultimaker, Lulzbot, Raise3D
DIY: Voron, Rat Rig, Ultimaker/2/3, https://reprap.org/wiki/
SLA: Creality HALOT-ONE/LD-002H, Anycubic Photon Mono/X/4K, Elegoo Mars 3/Saturn 2, Formlabs Form 3/3L

>Where can I get things to print?
https://www.thingiverse.com/
https://thangs.com/
https://printables.com/
https://grabcad.com/
https://google.com/
https://www.yeggi.com/
https://cults3d.com/
T*legr*m

>What CAD software should I use?
Free to anyone: Fusion360, Onshape, TinkerCAD, FreeCAD
Free to me: Autodesk Inventor, AutoCAD, Solidworks, Rhino, Solid Edge
Autistic /g/oobers: OpenSCAD, OpenJSCAD
Mesh free-forming and modeling: Blender
Architects: Sketchup

>What slicer should I use?
For everyone: Cura, PrusaSlicer, BambuStudio for P1P/X1 owners.
For enthusiasts: SuperSlicer, OrcaSlicer
For autists: Pleccer/SuperPleccer, Kiri:Moto, FullControl",Anonymous,True,http://boards.4chan.org/diy/thread/2639039/3dpg-3dpg-in-charge-of-print-orientation-edition#p2639039
2639056,"Jun-26-2023, 22:51:58",No Subject,What is the best material and why is it Polycarbonate?,Anonymous,False,http://boards.4chan.org/diy/thread/2639039/3dpg-3dpg-in-charge-of-print-orientation-edition#p2639056
2639075,"Jun-26-2023, 23:35:11",No Subject,"(REPLY) >>2639056
You should try some Taulman PCTPE, it's crazy flexible but still pretty rigid. A thin sheet of it is hard to tear as well. It's more like Nylon than a lot of printed nylons are.

But of course, it's hard to print.",Anonymous,False,http://boards.4chan.org/diy/thread/2639039/3dpg-3dpg-in-charge-of-print-orientation-edition#p2639075
2639077,"Jun-26-2023, 23:36:36",No Subject,"(REPLY) >>2639075
>>2639056
one thing I noticed is that layer adhesion wasn't that great. But I still don't know how to print it right.

>need bambu preset for PCTPE",Anonymous,False,http://boards.4chan.org/diy/thread/2639039/3dpg-3dpg-in-charge-of-print-orientation-edition#p2639077
2639079,"Jun-26-2023, 23:44:20",No Subject,have there been any huge improvements to sla in the last few years similar to how it was when the x1 released? been thinking about getting one but haven't been following sla at all so kinda curious.,Anonymous,False,http://boards.4chan.org/diy/thread/2639039/3dpg-3dpg-in-charge-of-print-orientation-edition#p2639079
2639083,"Jun-26-2023, 23:53:13",No Subject,The other thread is gonna be up for days.,Anonymous,False,http://boards.4chan.org/diy/thread/2639039/3dpg-3dpg-in-charge-of-print-orientation-edition#p2639083
2639087,"Jun-27-2023, 00:00:34",No Subject,"(REPLY) >>2639079
Just higher resolution achieved mainly by shrinking the print area instead of increasing the panel's pixel density. So if you want to print mini-wafu's much improvement has been made.",Anonymous,False,http://boards.4chan.org/diy/thread/2639039/3dpg-3dpg-in-charge-of-print-orientation-edition#p2639087
2639100,"Jun-27-2023, 00:40:36",No Subject,"(REPLY) >>2639039
>(Last updated 911 days ago):
It's 930 now.",Anonymous,False,http://boards.4chan.org/diy/thread/2639039/3dpg-3dpg-in-charge-of-print-orientation-edition#p2639100
2639111,"Jun-27-2023, 01:27:49",No Subject,what are good settings for printing petg on a bowden printer? can i just use the same ones i use for pla?,Anonymous,False,http://boards.4chan.org/diy/thread/2639039/3dpg-3dpg-in-charge-of-print-orientation-edition#p2639111
2639113,"Jun-27-2023, 01:32:31",No Subject,"(REPLY) >>2639111
Just use a default profile as a starting point, otherwise your PLA settings will probably be fine aside from the temperature.",Anonymous,False,http://boards.4chan.org/diy/thread/2639039/3dpg-3dpg-in-charge-of-print-orientation-edition#p2639113
2639129,"Jun-27-2023, 02:29:38",No Subject,"Oh boy the P1P is on sale for $600!

Great starter printer for people who can't afford something better like the Prusa MK4.",Anonymous,False,http://boards.4chan.org/diy/thread/2639039/3dpg-3dpg-in-charge-of-print-orientation-edition#p2639129
2639132,"Jun-27-2023, 02:54:15",No Subject,"(REPLY) >>2639039
>my print is in op's pic",Anonymous,False,http://boards.4chan.org/diy/thread/2639039/3dpg-3dpg-in-charge-of-print-orientation-edition#p2639132
2639144,"Jun-27-2023, 04:10:07",No Subject,"(REPLY) >>2639039
>Got into a single OP pic twice
Epic",Anonymous,False,http://boards.4chan.org/diy/thread/2639039/3dpg-3dpg-in-charge-of-print-orientation-edition#p2639144
2639189,"Jun-27-2023, 07:16:23",No Subject,"(REPLY) >>2639129
Is the Prusa MK4 even better?",Anonymous,False,http://boards.4chan.org/diy/thread/2639039/3dpg-3dpg-in-charge-of-print-orientation-edition#p2639189
2639197,"Jun-27-2023, 07:26:27",No Subject,"Can anyone read this and translate the settings into retard so I can use them on my Bambu?

https://groups.google.com/g/flashforge/c/z2U5bufMlE8?pli=1",Anonymous,False,http://boards.4chan.org/diy/thread/2639039/3dpg-3dpg-in-charge-of-print-orientation-edition#p2639197
2639198,"Jun-27-2023, 07:26:56",No Subject,"(REPLY) >>2639189
lol, lmao",Anonymous,False,http://boards.4chan.org/diy/thread/2639039/3dpg-3dpg-in-charge-of-print-orientation-edition#p2639198
2639205,"Jun-27-2023, 07:49:47",No Subject,"(REPLY) >>2639087
well that kind of fuckin blows. unfortunately I'm not looking to figurinefag, I was actually hoping I'm printing some slightly larger functional parts extremely smoothly and accurately, but I guess with this being the case I won't waste my money.",Anonymous,False,http://boards.4chan.org/diy/thread/2639039/3dpg-3dpg-in-charge-of-print-orientation-edition#p2639205
2639239,"Jun-27-2023, 09:28:09",No Subject,"(REPLY) >>2639087
>SLA
>Pixels
Lmao
>>2639079
The faggot above is wrong. This is finally the year we're starting to see some innovation in LCD/DLP stuff instead of yet another dozen of mars/photon clones with higher pixel density. 
>Uniformation's GKTwo having a shitton of QoL features and a resin heater
>Athena's about to leave kickstarter with its pressure sensor and being opensource
>Automatic bed levelling
>Water-Viscous, therefore fast as fuck, resins
>Budget DLP machines
Resinbros are eating good this year.

if you meant actual SLA then i doubt there was much to improve to begin with other than maybe having faster resins and that Form3 automatic production assembly they showcased a while back.",Anonymous,False,http://boards.4chan.org/diy/thread/2639039/3dpg-3dpg-in-charge-of-print-orientation-edition#p2639239
2639259,"Jun-27-2023, 10:10:36",No Subject,"I have a roll of translucent blue PETG and i love this shit, but i have absolutely no ideas what to print out of it. Only fitting thing on my mind are those flexi vaporeons and glaceons but i want something else.
Anyone got good suggestions? Maybe some kind of a water elemental or a spirit.",Anonymous,False,http://boards.4chan.org/diy/thread/2639039/3dpg-3dpg-in-charge-of-print-orientation-edition#p2639259
2639270,"Jun-27-2023, 10:39:34",No Subject,"(REPLY) >>2639259
Eevee with massive tits",Anonymous,False,http://boards.4chan.org/diy/thread/2639039/3dpg-3dpg-in-charge-of-print-orientation-edition#p2639270
2639271,"Jun-27-2023, 10:40:06",No Subject,"(REPLY) >>2639270
give me a link",Anonymous,False,http://boards.4chan.org/diy/thread/2639039/3dpg-3dpg-in-charge-of-print-orientation-edition#p2639271
2639284,"Jun-27-2023, 11:18:45",No Subject,"(REPLY) >>2639271
If you're a furfag you can probably just take some vr chat avatars since they're all kept at a low poly and have simple fbx files 
https://cryptiacurves.gumroad.com/l/tfnkxE
Of course you can easily pirate them too",Anonymous,False,http://boards.4chan.org/diy/thread/2639039/3dpg-3dpg-in-charge-of-print-orientation-edition#p2639284
2639287,"Jun-27-2023, 11:28:02",No Subject,"(REPLY) >>2639284
>VRChat avatars
Those usually rely on texturing though, no? The models themselves are usually way too simple to use for quality printing, and displacing the normals works good only like 20% of the time, other times just creating tons of shitty noise.
I used to play around with game models in the past but printing those was always just a huge pain in the ass.",Anonymous,False,http://boards.4chan.org/diy/thread/2639039/3dpg-3dpg-in-charge-of-print-orientation-edition#p2639287
2639288,"Jun-27-2023, 11:33:21",No Subject,"(REPLY) >>2639287
I printed one no problem",Anonymous,False,http://boards.4chan.org/diy/thread/2639039/3dpg-3dpg-in-charge-of-print-orientation-edition#p2639288
2639289,"Jun-27-2023, 11:34:13",No Subject,"(REPLY) >>2639288
Can you post a picture of the print?
I'm not saying it's hard - i am talking about the details.",Anonymous,False,http://boards.4chan.org/diy/thread/2639039/3dpg-3dpg-in-charge-of-print-orientation-edition#p2639289
2639292,"Jun-27-2023, 11:40:07",No Subject,"(REPLY) >>2639284
>130 pounds
>Someone actually buys this
I can never understand furfags",Anonymous,False,http://boards.4chan.org/diy/thread/2639039/3dpg-3dpg-in-charge-of-print-orientation-edition#p2639292
2639301,"Jun-27-2023, 12:22:51",No Subject,"(REPLY) >>2639205
Mono LCDs have more than doubled the speed that you can expect out of even the cheapest resin printers. ""Fast"" used to be 25mm/hr, now going fast means >80mm/hr.

Prices have improved, especially for larger printers.
The super common 2K 6"" LCD format printers are cheap as chips now, $100 gets you a GeeeTech ALKAID, and $150 gets you the particularly good (lolwut) Creality Halot-One.
You can get into a 6.6"" 4K like the Photon Mono 2 for only $180, or the big 9.1"" 6K Elegoo Mars 4 Max for $300, and around $330 gets you into 10"" 8K printers like the Halot-Mage.

So yeah, resin printers are faster, cheaper, have better pixel density than they did in the past.
Used to be $450 for an 8.9"" Elegoo Saturn 4K that couldn't manage 30mm/s, shit's definitely gotten better.",Anonymous,False,http://boards.4chan.org/diy/thread/2639039/3dpg-3dpg-in-charge-of-print-orientation-edition#p2639301
2639354,"Jun-27-2023, 14:03:21",No Subject,"Foam PLA looks really fucking cool
Any of you had experience with it? Any big printing problems?
3D printing isn't new for me but i've never used that stuff.",Anonymous,False,http://boards.4chan.org/diy/thread/2639039/3dpg-3dpg-in-charge-of-print-orientation-edition#p2639354
2639386,"Jun-27-2023, 15:20:14",No Subject,"my slicer is showing way shorter print time than what my printer ultimately produces. 1h20 benchy turns into 1h 45 real time and on the far end, i tried printing a part that would take about 14 hours according to the slicer but at the 11 hour mark it was about half way done and i had to crank it to 400% speed to get it done in time.",Anonymous,False,http://boards.4chan.org/diy/thread/2639039/3dpg-3dpg-in-charge-of-print-orientation-edition#p2639386
2639387,"Jun-27-2023, 15:20:49",No Subject,"(REPLY) >>2639386
First time doing 3D printing?",Anonymous,False,http://boards.4chan.org/diy/thread/2639039/3dpg-3dpg-in-charge-of-print-orientation-edition#p2639387
2639389,"Jun-27-2023, 15:27:00",No Subject,"(REPLY) >>2639387
ive been doing it for a couple months, or about two spools of filament worth, so not a lot i guess",Anonymous,False,http://boards.4chan.org/diy/thread/2639039/3dpg-3dpg-in-charge-of-print-orientation-edition#p2639389
2639405,"Jun-27-2023, 16:08:02",No Subject,"(REPLY) >>2639386
This is normal.
Getting accurate estimates from the slicer is a process.
https://www.youtube.com/watch?v=R-uAmWXvHqc",Anonymous,False,http://boards.4chan.org/diy/thread/2639039/3dpg-3dpg-in-charge-of-print-orientation-edition#p2639405
2639429,"Jun-27-2023, 17:21:20",No Subject,"(REPLY) >>2639405
things are pretty nice within the bambu walled garden in that area, prints and time estimates are spot on",Anonymous,False,http://boards.4chan.org/diy/thread/2639039/3dpg-3dpg-in-charge-of-print-orientation-edition#p2639429
2639430,"Jun-27-2023, 17:21:51",No Subject,"(REPLY) >>2639405
most likely reason yours aren't is that the machine's physical hardware can't keep up with what you are commanding it to do.",Anonymous,False,http://boards.4chan.org/diy/thread/2639039/3dpg-3dpg-in-charge-of-print-orientation-edition#p2639430
2639437,"Jun-27-2023, 17:46:57",No Subject,"Sick of fitteling with my ender 3 i bought an x1 carbon
Now im going to spend my time getting good at fusion360",Anonymous,False,http://boards.4chan.org/diy/thread/2639039/3dpg-3dpg-in-charge-of-print-orientation-edition#p2639437
2639442,"Jun-27-2023, 17:54:26",No Subject,"(REPLY) >>2639437
sweet, welcome to the club anon

>tfw I have printed so much, but I still can't add a good custom profile for a random filament that works flawlessly",Anonymous,False,http://boards.4chan.org/diy/thread/2639039/3dpg-3dpg-in-charge-of-print-orientation-edition#p2639442
2639463,"Jun-27-2023, 18:50:33",No Subject,"(REPLY) >>2639239
well shit maybe I will get one then. how's the learning curve coming from FDM?",Anonymous,False,http://boards.4chan.org/diy/thread/2639039/3dpg-3dpg-in-charge-of-print-orientation-edition#p2639463
2639466,"Jun-27-2023, 18:52:14",No Subject,"Moving right along with my front shock tower project, this one is a copy of the OEM part to check fit and the next one will be the actual custom piece. Never mind the filthy car I got kids man.",Anonymous,False,http://boards.4chan.org/diy/thread/2639039/3dpg-3dpg-in-charge-of-print-orientation-edition#p2639466
2639553,"Jun-27-2023, 23:42:52",No Subject,"It's nothing much but I printed a bracket to fit a panel mount usb charger and cigarette lighter to an optical drive bay
It compliments the 3d printed drawers
For once I got dimensions right the first time",Anonymous,False,http://boards.4chan.org/diy/thread/2639039/3dpg-3dpg-in-charge-of-print-orientation-edition#p2639553
2639573,"Jun-28-2023, 01:06:33",No Subject,Finally printing a prototype hard case design for an instrument.,Anonymous,False,http://boards.4chan.org/diy/thread/2639039/3dpg-3dpg-in-charge-of-print-orientation-edition#p2639573
2639576,"Jun-28-2023, 01:37:49",No Subject,"(REPLY) >>2637945
oh finally someone with this.
Would you recommend this BIQU thing for Ender3 style machine?? I was thinking about buying one if my v6 hotend project will go to shit",Anonymous,False,http://boards.4chan.org/diy/thread/2639039/3dpg-3dpg-in-charge-of-print-orientation-edition#p2639576
2639577,"Jun-28-2023, 01:41:28",No Subject,"so i read that washing your glass with dish cleaner before printing is enough for petg to no fuse with it, is that true?",Anonymous,False,http://boards.4chan.org/diy/thread/2639039/3dpg-3dpg-in-charge-of-print-orientation-edition#p2639577
2639580,"Jun-28-2023, 01:52:05",No Subject,"(REPLY) >>2639039
you put 2 of the same pictures of that massive faggot's enclosure when he bitched about not getting into op last thread and didn't post more pics of his enclosure when I requested.",Anonymous,False,http://boards.4chan.org/diy/thread/2639039/3dpg-3dpg-in-charge-of-print-orientation-edition#p2639580
2639581,"Jun-28-2023, 01:52:49",No Subject,(REPLY) >>2639577 No. Use PVP based spray glue after every print. It work pretty reliably on medium sized beds and models. Anything above 300x300mm or with large bottom surface would crack the glass eventually.,Anonymous,False,http://boards.4chan.org/diy/thread/2639039/3dpg-3dpg-in-charge-of-print-orientation-edition#p2639581
2639595,"Jun-28-2023, 03:06:03",No Subject,"(REPLY) >>2639577
PETG on Glass? Fuck no, clean bed means chipped glass.

>>2639581
>PVP based spray glue
Best answer.
Lots of Gluestick is also PVP/Povidone, which is why it's still a good option.

>Anything above 300x300mm or with large bottom surface would crack the glass eventually.
Even small prints can take chunks out of the glass or shatter it entirely.
I've shattered a 180x180mm glass sheet with a 50x50mm print in PETG doing exactly what >>2639577 is asking about, I cleaned the bed but completely forgot to coat it again. Heard a nice distinct SNAP from across the room while it was cooling down.",Anonymous,False,http://boards.4chan.org/diy/thread/2639039/3dpg-3dpg-in-charge-of-print-orientation-edition#p2639595
2639596,"Jun-28-2023, 03:07:24",No Subject,"(REPLY) >>2639595
That is why you was with dish soap, it will create film for the petg to sit on
so that way you can do it without using elmers cuck stick",Anonymous,False,http://boards.4chan.org/diy/thread/2639039/3dpg-3dpg-in-charge-of-print-orientation-edition#p2639596
2639597,"Jun-28-2023, 03:09:34",No Subject,"(REPLY) >>2639596
>That is why you was with dish soap
Try again.

>I've shattered a 180x180mm glass sheet with a 50x50mm print in PETG doing exactly what >>2639577 is asking about

Dish soap won't leave a film, or at least not one able to prevent PETG from fucking up glass.",Anonymous,False,http://boards.4chan.org/diy/thread/2639039/3dpg-3dpg-in-charge-of-print-orientation-edition#p2639597
2639600,"Jun-28-2023, 03:18:26",No Subject,"(REPLY) >>2639597
now i don't what to believe because i found equal amount of posts when i googled that claim petg fuses with glass and posts that say the print petg directly on glass with no issues all the time",Anonymous,False,http://boards.4chan.org/diy/thread/2639039/3dpg-3dpg-in-charge-of-print-orientation-edition#p2639600
2639603,"Jun-28-2023, 03:29:39",No Subject,"(REPLY) >>2639600
Some people still print HIPS on painter's tape with a cold bed and think you can't print flexible filaments with a bowden extruder.

PETG really is great on bare glass! Until it takes a chip or shatters it.
Of note with PETG specifically is the wide range of print and bed temps, brand recommendations range from about 220C - 260C hotend, ""No Heated Bed"" up to 100C and everywhere in-between.
Some PETG prints great with lots of cooling, some prints like shit unless you have the hotend fan completely off, there is never a consensus with PETG.
You might have infinite success with ParticularBrand PETG at 230C with a 60C bed, or fuck your shit on the first print with OtherBrand PETG at 255C with a 90C bed, or maybe vice versa.",Anonymous,False,http://boards.4chan.org/diy/thread/2639039/3dpg-3dpg-in-charge-of-print-orientation-edition#p2639603
2639606,"Jun-28-2023, 03:36:08",No Subject,"(REPLY) >>2639603
alright i'm gonna try do a benchy on blue painters tape on top of my glass bed at 70c, 50% cooling nozzle at 215 (can't go higher coz ptfe and don't want brain damage) and will report results",Anonymous,False,http://boards.4chan.org/diy/thread/2639039/3dpg-3dpg-in-charge-of-print-orientation-edition#p2639606
2639607,"Jun-28-2023, 03:38:58",No Subject,"(REPLY) >>2639606
Try not to die",Anonymous,False,http://boards.4chan.org/diy/thread/2639039/3dpg-3dpg-in-charge-of-print-orientation-edition#p2639607
2639613,"Jun-28-2023, 03:59:19",No Subject,"fuck this is scary, i smell something, how does burning ptfe smell like?",Anonymous,False,http://boards.4chan.org/diy/thread/2639039/3dpg-3dpg-in-charge-of-print-orientation-edition#p2639613
2639614,"Jun-28-2023, 04:07:05",No Subject,"(REPLY) >>2639301
Nice. How do resins compare to fdm filaments for strength or other engineering purposes",Anonymous,False,http://boards.4chan.org/diy/thread/2639039/3dpg-3dpg-in-charge-of-print-orientation-edition#p2639614
2639625,"Jun-28-2023, 04:26:34",No Subject,"fuck me
years of fear and self doubting that kept me from printing petg because it seemed impossible, you need all metal they said, you need glue stick, you need all this shit you need to tune in retraction settings and part cooling and blah blah blah
those fucking assholes planted all this doubt in my head so i never even tried it.
jesus christ ALL THIS TIME IT WAS THIS EASY 
literally all i did was change the nozzle temp to 215C and put painter tape on my glass bed THATS IT, everything else is my default PLA printing settings and it prints fucking FLAWLESS

Let this be a lesson for you anons, never let your fears control you and keep you from your goals ;_;",Anonymous,False,http://boards.4chan.org/diy/thread/2639039/3dpg-3dpg-in-charge-of-print-orientation-edition#p2639625
2639626,"Jun-28-2023, 04:27:01",No Subject,"(REPLY) >>2639614
Varies like crazy.
Cheap resin makes pretty, but it's useless brittle garbage, whereas cheap generic Chinese ""PLA+"" filament is strong enough for a fairly safe Glock frame.

Thankfully, there is a HUGE variety to resin, and unlike with fancy filaments just about any resin printer can handle damn near any printing resin.
I never buy normal resin anymore, at a minimum I get ""ABS-like"" or ""Nylon-like"" resin. The claim in the name is a load of bullshit, they're nowhere near the strength or ductility of ABS or Nylon, but they're a hell of a lot more resilient than ordinary resin.
There are tons of more specialty options, like the ever-popular Siraya Tech Blu and Tenacious resins, which are also used as ""additives"" mixed into other resins to alter their properties.
Keep going down the list, you can get premium shit that actually does keep up with or even exceed what the average FDM printer is capable of, like Loctite's high-performance resins.

Basically, with resin you can buy your way to whatever level of strength, rigidity, temperature resistance, whatever you need from it, and 99.5% of the time you just print with it like you would any other resin and it Just Works™. 
Average anon with Ender 3 can't just pick up a $200 roll of PEEK and have at it, but average anon with an old Elegoo Mars can buy a $200 bottle of Loctite 8195 and have a good time.

At the more extreme end of things, FDM still wins, you're not gonna find a UV-curable resin that can match PEEK or TPI performance, and printing composites is limited to fancy-pants industrial MSLA and SLA printers.",Anonymous,False,http://boards.4chan.org/diy/thread/2639039/3dpg-3dpg-in-charge-of-print-orientation-edition#p2639626
2639628,"Jun-28-2023, 04:29:06",No Subject,"(REPLY) >>2639625
Wait until it's finished, anon. 215C is very low for PETG, I think the lowest I've ever seen as a recommended temp is 220C, most brands it's 230-240C. It might print nicely, but it might have very poor layer adhesion and peel apart with ease. Or it might be fine of course.",Anonymous,False,http://boards.4chan.org/diy/thread/2639039/3dpg-3dpg-in-charge-of-print-orientation-edition#p2639628
2639629,"Jun-28-2023, 04:33:16",No Subject,"(REPLY) >>2639628
i wonder if another thing i can ignore is the 
>you have to store petg in airtight container with sillica
i store my PLA in open air for years and it always works no problem so i wonder if i can do it with PETG too",Anonymous,False,http://boards.4chan.org/diy/thread/2639039/3dpg-3dpg-in-charge-of-print-orientation-edition#p2639629
2639632,"Jun-28-2023, 04:41:38",No Subject,"(REPLY) >>2639629
Depends on conditions. PETG sucks up moisture more so than PLA, but nowhere near as much as Nylon, so there's that.
In my experience, filament keeps as well as any other plastic, keep it out of the sun and don't use ozone generators.",Anonymous,False,http://boards.4chan.org/diy/thread/2639039/3dpg-3dpg-in-charge-of-print-orientation-edition#p2639632
2639634,"Jun-28-2023, 04:52:50",No Subject,"(REPLY) >>2639626
OK then thanks anon",Anonymous,False,http://boards.4chan.org/diy/thread/2639039/3dpg-3dpg-in-charge-of-print-orientation-edition#p2639634
2639636,"Jun-28-2023, 04:56:39",No Subject,"(REPLY) >>2639614
avoid printing stinky goos all together unless you are 40k nerd",Anonymous,False,http://boards.4chan.org/diy/thread/2639039/3dpg-3dpg-in-charge-of-print-orientation-edition#p2639636
2639639,"Jun-28-2023, 05:05:53",No Subject,"(REPLY) >>2639625
aaaaand done.
absolutely flawless.
it was this easy all this time, holy shit.
all these youtube videos of youtubers dealing with blobs and stringing, it's all bullshit. not a single strong anywhere to be seen.",Anonymous,False,http://boards.4chan.org/diy/thread/2639039/3dpg-3dpg-in-charge-of-print-orientation-edition#p2639639
2639646,"Jun-28-2023, 05:30:29",No Subject,"(REPLY) >>2639639
haha i'm so happy, there are so many things i can go now that i wasn't able to with pla, like things for my car that kept melting in the summer with pla but i can now make them from petg",Anonymous,False,http://boards.4chan.org/diy/thread/2639039/3dpg-3dpg-in-charge-of-print-orientation-edition#p2639646
2639656,"Jun-28-2023, 06:19:51",No Subject,"Is there any other design that uses standard, cheap conduit for rails, like the MPCNC? V-slot extrusions are kinda expensive and I wnat more rigidity, so looking to use 40mm pipe instead. Should be more than stiff enough, but I'd have to design my own... what are these things called? Trucks?",Anonymous,False,http://boards.4chan.org/diy/thread/2639039/3dpg-3dpg-in-charge-of-print-orientation-edition#p2639656
2639670,"Jun-28-2023, 07:13:29",No Subject,"(REPLY) >>2639580
a)lol i was trol u
b) u ddint say specicifally what u wanted a picturee of
c) I'm too busy
d) refer to c, above
please state succinctly what actually you want a photograph of and what purpose, asstron.
p.s. im too busy*
*see point c)",Anonymous,False,http://boards.4chan.org/diy/thread/2639039/3dpg-3dpg-in-charge-of-print-orientation-edition#p2639670
2639691,"Jun-28-2023, 08:00:41",No Subject,"I apologise for the reddit post incoming

I'm looking for a fast printer that's not more expensive than the P1P (not by a lot at least). Here is what I need
>Fastest possible printing speed for that price range
>Magnetic bed sheet
>300 C hot end and the ability to print engineering materials
>direct extruder for TPU
>klipper FW
>serviceability
>reliability
>the cheapest possible option to hit those requirements

What I don't really care about:
>run-out sensors, sensors in general
>gimmick crap like cameras and wireless connectivity

I guess I'm looking for the toyota corolla of fast printers, I need it to do the job and have all the functional bells and whistles but I don't care about the ease of use extras except for auto levelling. Tinkering is acceptable if it is likely to save me a bunch of money from useless extras if I can just add the functional stuff myself

That being said, what are the main pros and cons of the following printers compared to the P1P and is there any other one that any of you would suggest
>Sovol SV07
>elegoo neptune 4 pro
>Anycubic Kobra 2",Anonymous,False,http://boards.4chan.org/diy/thread/2639039/3dpg-3dpg-in-charge-of-print-orientation-edition#p2639691
2639741,"Jun-28-2023, 10:20:05",No Subject,"(REPLY) >>2639463
Way easier to get a grasp of, but the post processing and dealing with a failed print is messy if you are a beginner. 
Operation itself is way easier than FDM though. If you keep the temperature of your room/printer stable, the settings are easy to get into perfection.
The worst part is spending a good amount of time to place supports. Shit can take a few hours if you do a big, complicated model.
If you can - try to get a 3D printer with a heater unit. Not only it keeps the printing more stable - it can also speed up the print speed due to resin being less viscous. Anycubic and elegoo still refuse to add one, but i heard some wanhao machines and Uniformation GKTwo have it.",Anonymous,False,http://boards.4chan.org/diy/thread/2639039/3dpg-3dpg-in-charge-of-print-orientation-edition#p2639741
2639759,"Jun-28-2023, 11:15:53",No Subject,"(REPLY) >>2639691
please niggers",Anonymous,False,http://boards.4chan.org/diy/thread/2639039/3dpg-3dpg-in-charge-of-print-orientation-edition#p2639759
2639771,"Jun-28-2023, 11:33:59",No Subject,"So I have a question.
Would hooking up my Kobra Max to the computer. help boost its computing power?
I am having a hard time getting quality prints. Layer lines and just the quality is not the best.",Anonymous,False,http://boards.4chan.org/diy/thread/2639039/3dpg-3dpg-in-charge-of-print-orientation-edition#p2639771
2639781,"Jun-28-2023, 11:55:41",No Subject,"(REPLY) >>2639771
Tighten your belts, check your settings.
Computer power doesn't have anything to do with the layer lines.",Anonymous,False,http://boards.4chan.org/diy/thread/2639039/3dpg-3dpg-in-charge-of-print-orientation-edition#p2639781
2639784,"Jun-28-2023, 11:58:17",No Subject,"the color for my STL thumbnails recently changed for whatever reason. i think it was when i updated to the recent prusa slicer version. 
its not a big deal but if i can somehow control it that would be neat. would make organizing things a little easier by color coding them.",Anonymous,False,http://boards.4chan.org/diy/thread/2639039/3dpg-3dpg-in-charge-of-print-orientation-edition#p2639784
2639785,"Jun-28-2023, 12:03:49",No Subject,"(REPLY) >>2639691
>>2639759
Based on your requirements, let's evaluate the pros and cons of the printers you mentioned, as well as an additional suggestion:

 Sovol SV07:
 Pros: Reasonably priced, direct extruder for TPU, magnetic bed sheet, Klipper firmware support, good serviceability.
 Cons: May not have the fastest printing speed, hot end may not reach 300°C for engineering materials.

 Elegoo Neptune 4 Pro:
 Pros: Within budget, direct extruder for TPU, magnetic bed sheet, Klipper firmware support, good serviceability.
 Cons: Printing speed may not be the fastest, hot end may not reach 300°C.

 Anycubic Kobra 2:
 Pros: Fits within budget, direct extruder for TPU, magnetic bed sheet, Klipper firmware support, good serviceability.
 Cons: Printing speed may not be the fastest, hot end may not reach 300°C.

 Alternative suggestion: Prusa i3 MK3S+ or Prusa Mini+:
 Pros: Reliable, serviceable, excellent print quality, direct extruder for TPU (MK3S+), large user base, auto bed leveling.
 Cons: Slightly more expensive, lacks non-essential features like cameras and wireless connectivity.

Consider these options and weigh the pros and cons based on your priorities. It's advisable to read reviews and conduct further research to ensure the printer meets your specific needs.",Anonymous,False,http://boards.4chan.org/diy/thread/2639039/3dpg-3dpg-in-charge-of-print-orientation-edition#p2639785
2639790,"Jun-28-2023, 12:12:41",No Subject,"(REPLY) >>2639785
don't you see the issue with these suggestions zoomer? I read all this shit in the descriptions, but in reality the p1p doesn't print as fast as it says so half of the shit your retarded AI told you is not even true",Anonymous,False,http://boards.4chan.org/diy/thread/2639039/3dpg-3dpg-in-charge-of-print-orientation-edition#p2639790
2639792,"Jun-28-2023, 12:16:06",No Subject,"(REPLY) >>2639790
>but in reality the p1p doesn't print as fast as it says
literal skill issue.",Anonymous,False,http://boards.4chan.org/diy/thread/2639039/3dpg-3dpg-in-charge-of-print-orientation-edition#p2639792
2639795,"Jun-28-2023, 12:17:21",No Subject,"(REPLY) >>2639792
I don't have it retard, I'm contemplating getting one. Don't you have a subway surfers gameplay to drool at?",Anonymous,False,http://boards.4chan.org/diy/thread/2639039/3dpg-3dpg-in-charge-of-print-orientation-edition#p2639795
2639801,"Jun-28-2023, 12:23:05",No Subject,"(REPLY) >>2639795
imagine getting this mad. you came here wanting to be spoon fed on something you can literally just go and look up yourself and then you have the gall to complain when you dont get the answer you wanted. fuck off",Anonymous,False,http://boards.4chan.org/diy/thread/2639039/3dpg-3dpg-in-charge-of-print-orientation-edition#p2639801
2639802,"Jun-28-2023, 12:25:18",No Subject,"(REPLY) >>2639801
I did look it up you monkey there is no direct comparisons between the p1p, sv07 and the n4pro, so naturally you look for people who've had experience with them",Anonymous,False,http://boards.4chan.org/diy/thread/2639039/3dpg-3dpg-in-charge-of-print-orientation-edition#p2639802
2639852,"Jun-28-2023, 13:47:20",No Subject,"(REPLY) >>2639790
> p1p doesn't print as fast as it says so half of the shit your retarded AI told you is not even true
>another retard who wants to buy a fucking bedslinger at P1P price range
I hope you end up buying a prusa machine then promptly neck yourself",Anonymous,False,http://boards.4chan.org/diy/thread/2639039/3dpg-3dpg-in-charge-of-print-orientation-edition#p2639852
2639862,"Jun-28-2023, 14:06:46",No Subject,"(REPLY) >>2639656 Belt driven cnc is a joke.
With larger pipes and wider belts (HDT-3M 15mm). This project might be good. https://docs.google.com/presentation/d/1P_u9j70Okohw-1XTHRqdKy8n6Bm3tC7FrEyKz13-5YM/edit?pli=1#slide=id.p",Anonymous,False,http://boards.4chan.org/diy/thread/2639039/3dpg-3dpg-in-charge-of-print-orientation-edition#p2639862
2639863,"Jun-28-2023, 14:09:50",No Subject,"(REPLY) >>2639852
if I was a prusa retard I wouldnt be asking this question, it's just that the whole capsulated hot end of the P1P and crap like that worries me because I don't want to depend on one company providing spare parts

also
>all the other alternatives I listed are half the price of the P1P
>""bedslinger at P1P price range""

Is it worth it to pay double for the P1P and why when I can't even service it without buying Bambu crap? Looks like the tesla and apple brand of printers to me",Anonymous,False,http://boards.4chan.org/diy/thread/2639039/3dpg-3dpg-in-charge-of-print-orientation-edition#p2639863
2639868,"Jun-28-2023, 14:24:04",No Subject,"(REPLY) >>2639863
>it's just that the whole capsulated hot end of the P1P and crap like that worries me because I don't want to depend on one company providing spare parts
>what is aliexpress

I dont feel like spoonfeeding today, but this video might give you the right idea, as more and more shit for bambu emerges from our chinese overlords
https://www.youtube.com/watch?v=qBvTWFEd7rk",Anonymous,False,http://boards.4chan.org/diy/thread/2639039/3dpg-3dpg-in-charge-of-print-orientation-edition#p2639868
2639876,"Jun-28-2023, 14:49:57",No Subject,"(REPLY) >>2639868
>pay twice as much for this printer that is expensive because it is supposed to be used straight out of the box
>buy only 26 mods to make this printer as good as a SV07 with 13 mods

I don't want to be spoonfed chinese mods I'd just like to know what is the extra 300 or 400 dollars going towards for the P1P? If it's just for the ""nice feel"" like apple and tesla fags or the fact that I can attach a camera or use their retarded multi material technology that costs as much as a dual extruder printer I'm not getting a P1P

So what are my extra 300 or 400 bucks going towards?",Anonymous,False,http://boards.4chan.org/diy/thread/2639039/3dpg-3dpg-in-charge-of-print-orientation-edition#p2639876
2639883,"Jun-28-2023, 14:55:46",No Subject,"(REPLY) >>2639876
>I don't want to depend on one company providing spare parts
>D-Dont show me ways to get spare parts!!!!
fucking retard, If you are so fucking blind you cant see the difference, then buy whatever the fuck you want and please refer to this anons gif >>2639801",Anonymous,False,http://boards.4chan.org/diy/thread/2639039/3dpg-3dpg-in-charge-of-print-orientation-edition#p2639883
2639887,"Jun-28-2023, 14:56:48",No Subject,"https://www.youtube.com/watch?v=T1pPw2L1jQE

hmmm

Plasticity... Better than Blender probably, but better than Fusion too?",Anonymous,False,http://boards.4chan.org/diy/thread/2639039/3dpg-3dpg-in-charge-of-print-orientation-edition#p2639887
2639888,"Jun-28-2023, 14:59:08",No Subject,"(REPLY) >>2639883
>depending on a chinese monkey (not a company) is a reliable way to source spare parts
>using different thickness nozzles is basically spare parts bro, if you want a 1 mm nozzle that's a spare part bro
>it's totally normal to change your whole hot end when you need a different nozzle bro and if your nozzle fucks up it's totally fine to throw out your heatsink

if youre a bambu cocksucker just say that, otherwise you can answer my question
>So what are my extra 300 or 400 bucks going towards?

If I'm going to be upgrading a bunch of crap anyways why should I pay extra",Anonymous,False,http://boards.4chan.org/diy/thread/2639039/3dpg-3dpg-in-charge-of-print-orientation-edition#p2639888
2639892,"Jun-28-2023, 15:04:20",No Subject,"(REPLY) >>2639883
also it's not just about spare parts, if I'm printing abrasives I would need to buy a hardened nozzle regardless of the printer and the problem with the P1P is that I also have to buy a fucking hot end just to put a different nozzle on, a hot end and nozzle that I will have to wait for for 3 months since it's only available off of some chinese monkey living in his basements making them on his desktop cnc",Anonymous,False,http://boards.4chan.org/diy/thread/2639039/3dpg-3dpg-in-charge-of-print-orientation-edition#p2639892
2639895,"Jun-28-2023, 15:08:51",No Subject,"I'm kind of stuck on what to do. They confirmed my NP3 is fucked and I'm returning it (fuck you dirtyass bitches bootlickers taht said it was a skill issue). Now I can't decide if I want a full refund to buy something else, or a replacement. What else would I even get? The 3DP market seems fucked. It's either cheap shit printers or expensive ones. NP4 doesn't look that great either.",Anonymous,False,http://boards.4chan.org/diy/thread/2639039/3dpg-3dpg-in-charge-of-print-orientation-edition#p2639895
2639898,"Jun-28-2023, 15:19:16",No Subject,"(REPLY) >>2639887
Seems like it has different use cases. If you want precise dimensions they specifically say its not for that. The video Teaching Tech did on it is much better
The fact the company relies on Discord for a lot of stuff is a red flag too",Anonymous,False,http://boards.4chan.org/diy/thread/2639039/3dpg-3dpg-in-charge-of-print-orientation-edition#p2639898
2639899,"Jun-28-2023, 15:19:59",No Subject,"(REPLY) >>2639895
>They confirmed my NP3 is fucked and I'm returning it (fuck you dirtyass bitches bootlickers taht said it was a skill issue)
Dont hate me nigga, I really tried to help last thread...
at the end, this anon >>2637716 helped the most I guess?",Anonymous,False,http://boards.4chan.org/diy/thread/2639039/3dpg-3dpg-in-charge-of-print-orientation-edition#p2639899
2639908,"Jun-28-2023, 15:36:23",No Subject,"(REPLY) >>2639899
No offense, but nobody in here helped me. Especially the dude that said it's a skill issue when I had spent so many hours trying literally everything to fix it. Not that you're expected to know everything and what my exact issue was I guess. I emailed Elegoo in the end and they gave me a very fast reply (shout out to them) with a bunch of solutions to try. None of these that anyone has ever mentioned when I spent hours googling my issues. Nothing I could have figured on my own. Thing is now that I've learned more about the design of the printer and how it works, I'm not sure if I want to even bother. Like it might work, it might not. 3DJAKE also offered me a refund (shout out to them too) and now I can't decide if I should just drop the entire hobby and pay someone to print me the stuff I want or just spend more money and buy a P1P or a Prusa i3 MK3S+. 3DJAKE don't sell these though, and they were cool, so now I can't even give them money.

Like my 35 hour print finished and it looked great at a first glance, but then I noticed it's slightly warped in one corner, which means it's fucked and I wont be able to assemble the full thing. I don't wanna deal with that shit. The NP3 is clearly not designed to work well for bigger and longer prints.",Anonymous,False,http://boards.4chan.org/diy/thread/2639039/3dpg-3dpg-in-charge-of-print-orientation-edition#p2639908
2639913,"Jun-28-2023, 15:43:31",No Subject,"(REPLY) >>2639908
>No offense, but nobody in here helped me.
Tends to happen if nobody knows the machine and possible ways it could fuck shit up.
Care to explain what was the problem? Im curious now. Also, for the love of god, whatever you end up doing, dont spend more and buy prusa.",Anonymous,False,http://boards.4chan.org/diy/thread/2639039/3dpg-3dpg-in-charge-of-print-orientation-edition#p2639913
2639919,"Jun-28-2023, 15:56:42",No Subject,"(REPLY) >>2639913
It's multiple issues that I wont be able to explain properly. One was the print bed. It literally cannot level on all sides. Automatic bed leveling my ass, the ones with the springs and knobs that allow manual adjustments are clearly better. The offered solution is to print some spacers for each corned and fuck around with it. I could do it but I can't tell if it's worth it. That's why some people do a metal spacer of whatever it was mod, but I can't find where to buy these from. They would still probably need spacers either way. Another thing was the X axis tilt. Clearly the reason why my first layers were so bad, and I don't know why nobody in here knew right away that could be the reason. I spent hours figuring it out on my own. So even if you've set your Z offset properly, the tilt will make the nozzle be closer to the bed, or even touch it at one corner, while being too far away on the other. Lastly a rattle with some movements during printing, and I could never tell if it's a specific axis when the extruder moves, or a combination, because it wouldn't always do it and in a specific direction. I just chalked it up to the two Z steppers fighting each other, since they have to rotate in unison I guess. Something with the entire mechanism and the rods being misaligned leads me to believe that one stepper probably rotates out of sync, because if you try to move them out of sync manually you can feel a vibration. And the way the printer itself is designed, there's just a million screws to adjust, even though some of them you're not supposed to touch at all. You're only supposed to adjust the eccentric ones. Two on the right side of the bed, two on the extruder, and one for the z axis on each side. There's a bunch of other ones that shouldn't be touched, but this isn't mentioned anywhere in the guide, and I have no way of knowing if they were set up properly in the factory or if adjusting a specific one of them will fix my specific issue.",Anonymous,False,http://boards.4chan.org/diy/thread/2639039/3dpg-3dpg-in-charge-of-print-orientation-edition#p2639919
2639922,"Jun-28-2023, 16:00:59",No Subject,"(REPLY) >>2639919
And I'm not shitting on the NP3.

Other people clearly had good results and there's very little issues reported on the internet. Their customer support is great, and they replied really fast. Gave me a proper explanation with screenshots and videos on exactly what to try out. It seems that my specific printer was maybe not aligned properly from the factory, and perhaps when I was setting it up at first I also touched some stuff I wasn't supposed to. I don't think I did, but I really can't remember at this point if I adjusted something that shouldn't be touched, I've tried a million different things to fix it at this point.",Anonymous,False,http://boards.4chan.org/diy/thread/2639039/3dpg-3dpg-in-charge-of-print-orientation-edition#p2639922
2639927,"Jun-28-2023, 16:04:06",No Subject,"(REPLY) >>2639646
Based and petg-pilled. never had any issues printing with petg.",Anonymous,False,http://boards.4chan.org/diy/thread/2639039/3dpg-3dpg-in-charge-of-print-orientation-edition#p2639927
2639928,"Jun-28-2023, 16:05:43",No Subject,And by the way it's clear as day why they changed the bed design on the NP4. I wish I understood why earlier when I was in here asking on what printer I should buy and some dude told me to kill myself basically.,Anonymous,False,http://boards.4chan.org/diy/thread/2639039/3dpg-3dpg-in-charge-of-print-orientation-edition#p2639928
2639929,"Jun-28-2023, 16:08:19",No Subject,"(REPLY) >>2639646
be careful, it depends on where you live but where I'm from PETG stuff melts during the summer too.

I made an intake for my car and it melted in the summer and almost got sucked into the throttle body.

As long as it's not under the hood or if where you live it doesn't get 50 C inside the car when it's under direct sunlight you should be fine",Anonymous,False,http://boards.4chan.org/diy/thread/2639039/3dpg-3dpg-in-charge-of-print-orientation-edition#p2639929
2639930,"Jun-28-2023, 16:09:45",No Subject,"(REPLY) >>2639929
>I made an intake for my car and it melted in the summer and almost got sucked into the throttle body

Not to be that guy, but obviously that would happen.",Anonymous,False,http://boards.4chan.org/diy/thread/2639039/3dpg-3dpg-in-charge-of-print-orientation-edition#p2639930
2639932,"Jun-28-2023, 16:10:12",No Subject,"(REPLY) >>2639913
>Also, for the love of god, whatever you end up doing, dont spend more and buy prusa

Just want to reiterate, there is no excuse to ever buy a Prusa printer. There was at one time, but not anymore. They only exist on their reputation at this point, their machines are insanely overpriced, they fail to keep their promises, they don't know the concept of a deadline.

There is no argument in their favor anymore, they're dead. Never buy a Prusa printer.",Anonymous,False,http://boards.4chan.org/diy/thread/2639039/3dpg-3dpg-in-charge-of-print-orientation-edition#p2639932
2639935,"Jun-28-2023, 16:16:41",No Subject,"(REPLY) >>2639932
How bout not buying chinkshit? Love my mk3s and if I ever feel the need for a second machine I’ll be getting a mk4.",Anonymous,False,http://boards.4chan.org/diy/thread/2639039/3dpg-3dpg-in-charge-of-print-orientation-edition#p2639935
2639936,"Jun-28-2023, 16:16:42",No Subject,"(REPLY) >>2639887
They decided to pay for some shilling recently, as evidenced by the pile of Jewtubers talking about it in the last couple of weeks.

Always been extremely unimpressed with it. It's fine, it's not crap, it's just a product you pay for that does less and has fewer features than the free options out there.",Anonymous,False,http://boards.4chan.org/diy/thread/2639039/3dpg-3dpg-in-charge-of-print-orientation-edition#p2639936
2639937,"Jun-28-2023, 16:18:36",No Subject,"(REPLY) >>2639935
If you want to buy beard oil, buy it for yourself instead of for Jo.",Anonymous,False,http://boards.4chan.org/diy/thread/2639039/3dpg-3dpg-in-charge-of-print-orientation-edition#p2639937
