post_id,date_time,subject,comment/reply,name,is_op?,url
670504,"Jul-20-2014, 15:06:58",Makers gonna make!,"Welcome to /diy/, a place to:

Post and discuss /diy/ projects, ask questions regarding /diy/ topics and exchange ideas and techniques.

Please keep in mind:
- This is a SFW board. No fleshlights or other sex toys.
- No weapons. That goes to /k/ - Weapons. The workmanship and techniques involved in creating objects which could be used as weapons or the portion of a weapons project that involves them (e.g., forging steel for a blade, machining for gunsmithing, what epoxy can I use to fix my bow) may be discussed in /diy/, but discussing weapon-specific techniques/designs or the actual use of weapons is disallowed. Things such as fixed blade knives or axes are considered tools, things such as swords, guns or explosives are considered weapons.
- No drugs or drug paraphernalia (See Global Rule 1). If you want to discuss something that could involve such things (e.g., carving a tobacco pipe from wood) that's fine, but make sure it's /diy/ related and doesn't involve drugs or it will result in deletion/ban.

Helpful links:
https://sites.google.com/site/diyelmo/
http://www.engineeringtoolbox.com/",Anonymous,True,http://boards.4chan.org/diy/thread/670504/makers-gonna-make#p670504
670505,"Jul-20-2014, 15:07:27",No Subject,"Some friendly suggestions for posting:
- First ask Google, then ask /diy/. Your question will probably be better received if you do so.
- List available resources (tools, materials, budget, time, etc.)
- Try to use pictures and explain the goal, if possible
- Be patient, this is a slow board; your thread will be around for days.
- Share your results! /diy/ loves to see problems solved and projects completed!",Anonymous,False,http://boards.4chan.org/diy/thread/670504/makers-gonna-make#p670505
