{
    "posts": [
        {
            "no": 670504,
            "sticky": 1,
            "closed": 1,
            "now": "07/20/14(Sun)16:06:58",
            "name": "Anonymous",
            "sub": "Makers gonna make!",
            "com": "Welcome to /diy/, a place to:<br><br>Post and discuss /diy/ projects, ask questions regarding /diy/ topics and exchange ideas and techniques.<br><br>Please keep in mind:<br>- This is a SFW board. No fleshlights or other sex toys.<br>- No weapons. That goes to <a href=\"https://boards.4chan.org/k/\">/k/ - Weapons</a>. The workmanship and techniques involved in creating objects which could be used as weapons or the portion of a weapons project that involves them (e.g., forging steel for a blade, machining for gunsmithing, what epoxy can I use to fix my bow) may be discussed in /diy/, but discussing weapon-specific techniques/designs or the actual use of weapons is disallowed. Things such as fixed blade knives or axes are considered tools, things such as swords, guns or explosives are considered weapons.<br>- No drugs or drug paraphernalia (See <a href=\"http://www.4chan.org/rules#global\">Global Rule 1</a>). If you want to discuss something that could involve such things (e.g., carving a tobacco pipe from wood) that&#039;s fine, but make sure it&#039;s /diy/ related and doesn&#039;t involve drugs or it will result in deletion/ban.<br><br>Helpful links:<br><a href=\"https://sites.google.com/site/diyelmo/\">https://sites.google.com/site/diyel<wbr>mo/</a><br><a href=\"http://www.engineeringtoolbox.com/\">http://www.engineeringtoolbox.com/</a>",
            "filename": "diy",
            "ext": ".jpg",
            "w": 800,
            "h": 600,
            "tn_w": 250,
            "tn_h": 187,
            "tim": 1405886818186,
            "time": 1405886818,
            "md5": "xB5QGUR5hC0ePACCB1I1Yw==",
            "fsize": 672450,
            "resto": 0,
            "capcode": "mod",
            "semantic_url": "makers-gonna-make",
            "replies": 1,
            "images": 0,
            "unique_ips": 1
        },
        {
            "no": 670505,
            "now": "07/20/14(Sun)16:07:27",
            "name": "Anonymous",
            "com": "Some friendly suggestions for posting:<br>- First ask Google, then ask /diy/. Your question will probably be better received if you do so.<br>- List available resources (tools, materials, budget, time, etc.)<br>- Try to use pictures and explain the goal, if possible<br>- Be patient, this is a slow board; your thread will be around for days.<br>- Share your results! /diy/ loves to see problems solved and projects completed!",
            "time": 1405886847,
            "resto": 670504,
            "capcode": "mod"
        }
    ]
}